SARS2_S	SARS2_E	0.02877682966161088
SARS2_S	SARS2_M	0.017639705068182354
SARS2_S	SARS2_N	0.010454298371343262
SARS2_S	SARS2_ORF1a	0.016385658455330576
SARS2_S	SARS2_ORF1b	0.0053382814350260155
SARS2_S	SARS_S	0.011229579993328409
SARS2_S	SARS_E	0.03374777223866576
SARS2_S	SARS_M	0.02468382238167388
SARS2_S	SARS_N	0.02736656435845597
SARS2_S	SARS_ORF1a	0.003181724660493712
SARS2_S	SARS_ORF1b	0.009022760042487699
SARS2_S	MERS_S	0.003312439311086157
SARS2_S	MERS_E	0.03289250111829223
SARS2_S	MERS_M	0.025220496118841917
SARS2_S	MERS_N	0.01588314674893032
SARS2_S	MERS_ORF1a	0.01040588245762819
SARS2_S	MERS_ORF1b	0.004853261627812522
SARS2_S	HKU1_S	0.030424723483917115
SARS2_S	HKU1_E	0.03313954426465193
SARS2_S	HKU1_M	0.024634228222473742
SARS2_S	HKU1_N	0.016115482222290534
SARS2_S	HKU1_ORF1a	0.012564840322181192
SARS2_S	HKU1_ORF1b	0.03223887714539064
SARS2_S	NL63_S	0.00803043004044457
SARS2_S	NL63_E	0.03237043004730955
SARS2_S	NL63_M	0.02560073986370659
SARS2_S	NL63_N	0.01883833549645708
SARS2_S	NL63_ORF1a	0.02033941895587088
SARS2_S	NL63_ORF1b	0.01057862354317085
SARS2_S	OC43_S	0.009258404044354074
SARS2_S	OC43_E	0.03134788841647829
SARS2_S	OC43_M	0.021450775434632807
SARS2_S	OC43_N	0.011892969418835886
SARS2_S	OC43_ORF1a	0.031889981698743686
SARS2_S	OC43_ORF1b	0.020001531514774684
SARS2_S	229e_S	0.004958192725080579
SARS2_S	229e_E	0.032840540530422735
SARS2_S	229e_M	0.024667786919209456
SARS2_S	229e_N	0.018515853735110333
SARS2_S	229e_ORF1a	0.006190539534672412
SARS2_S	229e_ORF1b	0.005773833564164499
SARS2_E	SARS2_M	0.0015342132130614639
SARS2_E	SARS2_N	0.0061978226097366695
SARS2_E	SARS2_ORF1a	0.08299214501372021
SARS2_E	SARS2_ORF1b	0.05576945671469302
SARS2_E	SARS_S	0.005685771854041399
SARS2_E	SARS_E	0.00021672003016126595
SARS2_E	SARS_M	0.00028378772889969817
SARS2_E	SARS_N	0.00012266135149729962
SARS2_E	SARS_ORF1a	0.022758084921468913
SARS2_E	SARS_ORF1b	0.009914912030431156
SARS2_E	MERS_S	0.019627773782565416
SARS2_E	MERS_E	0.00017572958306844022
SARS2_E	MERS_M	0.00026927986021885175
SARS2_E	MERS_N	0.0023286794350014794
SARS2_E	MERS_ORF1a	0.06027357620283136
SARS2_E	MERS_ORF1b	0.03314778536678609
SARS2_E	HKU1_S	0.036635005665702214
SARS2_E	HKU1_E	0.00020461507003211032
SARS2_E	HKU1_M	0.0009162588665028171
SARS2_E	HKU1_N	0.0027582667222409984
SARS2_E	HKU1_ORF1a	0.02403144968142734
SARS2_E	HKU1_ORF1b	0.04722320633652155
SARS2_E	NL63_S	0.029397095001804652
SARS2_E	NL63_E	0.0001594754905936968
SARS2_E	NL63_M	0.00032216190458478344
SARS2_E	NL63_N	0.001652337487116573
SARS2_E	NL63_ORF1a	0.05779116874599566
SARS2_E	NL63_ORF1b	0.03846003578527868
SARS2_E	OC43_S	0.0320734958747122
SARS2_E	OC43_E	8.841081248500693e-05
SARS2_E	OC43_M	0.0010145938845663727
SARS2_E	OC43_N	0.005099116250296909
SARS2_E	OC43_ORF1a	0.08354507668426403
SARS2_E	OC43_ORF1b	0.05520581053015117
SARS2_E	229e_S	0.01449811040498128
SARS2_E	229e_E	0.00016030099178776513
SARS2_E	229e_M	0.00045402463060895126
SARS2_E	229e_N	0.0020060785680270365
SARS2_E	229e_ORF1a	0.040247056782223956
SARS2_E	229e_ORF1b	0.03366581105880695
SARS2_M	SARS2_N	0.0028100250151055217
SARS2_M	SARS2_ORF1a	0.06345958111923355
SARS2_M	SARS2_ORF1b	0.03967185642341886
SARS2_M	SARS_S	0.002092228118174777
SARS2_M	SARS_E	0.0027829851521049553
SARS2_M	SARS_M	0.0008055055937623568
SARS2_M	SARS_N	0.0013145936909635392
SARS2_M	SARS_ORF1a	0.013756763126158034
SARS2_M	SARS_ORF1b	0.004727454442334467
SARS2_M	MERS_S	0.01100105679600838
SARS2_M	MERS_E	0.002512961500555022
SARS2_M	MERS_M	0.0008737967552708836
SARS2_M	MERS_N	0.0004522865354491534
SARS2_M	MERS_ORF1a	0.04409558857714091
SARS2_M	MERS_ORF1b	0.021555616571797387
SARS2_M	HKU1_S	0.02778774529203243
SARS2_M	HKU1_E	0.0025798986035735494
SARS2_M	HKU1_M	0.0009143280620642624
SARS2_M	HKU1_N	0.0006255399204279088
SARS2_M	HKU1_ORF1a	0.015650251683995586
SARS2_M	HKU1_ORF1b	0.03632540303807319
SARS2_M	NL63_S	0.018699535504134834
SARS2_M	NL63_E	0.0023609652195271114
SARS2_M	NL63_M	0.000988034317242592
SARS2_M	NL63_N	0.00038640870536377214
SARS2_M	NL63_ORF1a	0.043121527200295606
SARS2_M	NL63_ORF1b	0.026057732645179854
SARS2_M	OC43_S	0.02137605896373207
SARS2_M	OC43_E	0.0021287503853201217
SARS2_M	OC43_M	0.0003674595784557422
SARS2_M	OC43_N	0.001328754886354977
SARS2_M	OC43_ORF1a	0.06498216641072874
SARS2_M	OC43_ORF1b	0.0404889706274979
SARS2_M	229e_S	0.007138738248196663
SARS2_M	229e_E	0.0025162033589392063
SARS2_M	229e_M	0.0008144284790378986
SARS2_M	229e_N	0.0005201637579915763
SARS2_M	229e_ORF1a	0.027065348455686755
SARS2_M	229e_ORF1b	0.02176886061531924
SARS2_N	SARS2_ORF1a	0.0487881051121144
SARS2_N	SARS2_ORF1b	0.02848678591007492
SARS2_N	SARS_S	0.002059564870188657
SARS2_N	SARS_E	0.008633053499892296
SARS2_N	SARS_M	0.004794031368640206
SARS2_N	SARS_N	0.005772701475385
SARS2_N	SARS_ORF1a	0.008546030847659591
SARS2_N	SARS_ORF1b	0.0038191567126345527
SARS2_N	MERS_S	0.0077441402656923675
SARS2_N	MERS_E	0.008315394215325678
SARS2_N	MERS_M	0.0050861247727777
SARS2_N	MERS_N	0.002262427090294339
SARS2_N	MERS_ORF1a	0.036013585007585336
SARS2_N	MERS_ORF1b	0.017195558791238352
SARS2_N	HKU1_S	0.033854261307500244
SARS2_N	HKU1_E	0.008453503111377048
SARS2_N	HKU1_M	0.005912348785364729
SARS2_N	HKU1_N	0.002959414370626745
SARS2_N	HKU1_ORF1a	0.01529973140374885
SARS2_N	HKU1_ORF1b	0.04147935983116546
SARS2_N	NL63_S	0.018351137161249587
SARS2_N	NL63_E	0.008132936334819374
SARS2_N	NL63_M	0.005265003329526841
SARS2_N	NL63_N	0.0034808239456315393
SARS2_N	NL63_ORF1a	0.04179322157683829
SARS2_N	NL63_ORF1b	0.02464572117834618
SARS2_N	OC43_S	0.019703134013170143
SARS2_N	OC43_E	0.00754829132914836
SARS2_N	OC43_M	0.0044212976210252775
SARS2_N	OC43_N	0.0028784110498741855
SARS2_N	OC43_ORF1a	0.06291184257358085
SARS2_N	OC43_ORF1b	0.04045299205781505
SARS2_N	229e_S	0.005642844498599198
SARS2_N	229e_E	0.00824213284969122
SARS2_N	229e_M	0.005116120146092418
SARS2_N	229e_N	0.0035854046493678515
SARS2_N	229e_ORF1a	0.02222537501238464
SARS2_N	229e_ORF1b	0.018465746124525007
SARS2_ORF1a	SARS2_ORF1b	0.00405978036878385
SARS2_ORF1a	SARS_S	0.05211574500241756
SARS2_ORF1a	SARS_E	0.09103089766678485
SARS2_ORF1a	SARS_M	0.07669787490388291
SARS2_ORF1a	SARS_N	0.08103259403024832
SARS2_ORF1a	SARS_ORF1a	0.02864180714980402
SARS2_ORF1a	SARS_ORF1b	0.046225490665739666
SARS2_ORF1a	MERS_S	0.03044419860403058
SARS2_ORF1a	MERS_E	0.0897505629841675
SARS2_ORF1a	MERS_M	0.0775728271639674
SARS2_ORF1a	MERS_N	0.06139866641515257
SARS2_ORF1a	MERS_ORF1a	0.01583195889595046
SARS2_ORF1a	MERS_ORF1b	0.024835449924714648
SARS2_ORF1a	HKU1_S	0.057931065510117286
SARS2_ORF1a	HKU1_E	0.09013836373824857
SARS2_ORF1a	HKU1_M	0.07606857268417333
SARS2_ORF1a	HKU1_N	0.06159758582230879
SARS2_ORF1a	HKU1_ORF1a	0.04357347935952627
SARS2_ORF1a	HKU1_ORF1b	0.05788631164480362
SARS2_ORF1a	NL63_S	0.030304518537500824
SARS2_ORF1a	NL63_E	0.0889562532627648
SARS2_ORF1a	NL63_M	0.07819950742498294
SARS2_ORF1a	NL63_N	0.06652383815277518
SARS2_ORF1a	NL63_ORF1a	0.033590969517904634
SARS2_ORF1a	NL63_ORF1b	0.030074291300544842
SARS2_ORF1a	OC43_S	0.0295449060712365
SARS2_ORF1a	OC43_E	0.08735275999710379
SARS2_ORF1a	OC43_M	0.07063686413868198
SARS2_ORF1a	OC43_N	0.05268278977020746
SARS2_ORF1a	OC43_ORF1a	0.03006984139952662
SARS2_ORF1a	OC43_ORF1b	0.032403318289674576
SARS2_ORF1a	229e_S	0.036087409931480074
SARS2_ORF1a	229e_E	0.08965501011568411
SARS2_ORF1a	229e_M	0.07664145963977753
SARS2_ORF1a	229e_N	0.06582065500637113
SARS2_ORF1a	229e_ORF1a	0.0220862780075628
SARS2_ORF1a	229e_ORF1b	0.025483103214266833
SARS2_ORF1b	SARS_S	0.029819685142424834
SARS2_ORF1b	SARS_E	0.06253715177384167
SARS2_ORF1b	SARS_M	0.05017086227084944
SARS2_ORF1b	SARS_N	0.05387034111811717
SARS2_ORF1b	SARS_ORF1a	0.012544256757396677
SARS2_ORF1b	SARS_ORF1b	0.025121240031035663
SARS2_ORF1b	MERS_S	0.013734731543777912
SARS2_ORF1b	MERS_E	0.06136827679365686
SARS2_ORF1b	MERS_M	0.05086943480237338
SARS2_ORF1b	MERS_N	0.0374161050654096
SARS2_ORF1b	MERS_ORF1a	0.007920854546953238
SARS2_ORF1b	MERS_ORF1b	0.010632688474783492
SARS2_ORF1b	HKU1_S	0.038246981483491815
SARS2_ORF1b	HKU1_E	0.061694281786164984
SARS2_ORF1b	HKU1_M	0.0495140232552469
SARS2_ORF1b	HKU1_N	0.03745314093700802
SARS2_ORF1b	HKU1_ORF1a	0.024215042640421514
SARS2_ORF1b	HKU1_ORF1b	0.03888730594066636
SARS2_ORF1b	NL63_S	0.01464614805375486
SARS2_ORF1b	NL63_E	0.0606613590329208
SARS2_ORF1b	NL63_M	0.05136619004928766
SARS2_ORF1b	NL63_N	0.04148738844164246
SARS2_ORF1b	NL63_ORF1a	0.02086641381202603
SARS2_ORF1b	NL63_ORF1b	0.015128872036839214
SARS2_ORF1b	OC43_S	0.01413895498626705
SARS2_ORF1b	OC43_E	0.0593094784028908
SARS2_ORF1b	OC43_M	0.04499700255735861
SARS2_ORF1b	OC43_N	0.03018866187903757
SARS2_ORF1b	OC43_ORF1a	0.022545149141569132
SARS2_ORF1b	OC43_ORF1b	0.019358401508144496
SARS2_ORF1b	229e_S	0.017409927096667444
SARS2_ORF1b	229e_E	0.06131507198289721
SARS2_ORF1b	229e_M	0.05003342629030805
SARS2_ORF1b	229e_N	0.0408072971334027
SARS2_ORF1b	229e_ORF1a	0.009032402087707947
SARS2_ORF1b	229e_ORF1b	0.010927567356132761
SARS_S	SARS_E	0.007794149383803406
SARS_S	SARS_M	0.003554330354585633
SARS_S	SARS_N	0.004609853132413688
SARS_S	SARS_ORF1a	0.005957414604439215
SARS_S	SARS_ORF1b	0.0007551629759616763
SARS_S	MERS_S	0.004807654203694778
SARS_S	MERS_E	0.007289515931722446
SARS_S	MERS_M	0.0037354729129055464
SARS_S	MERS_N	0.000795965922888553
SARS_S	MERS_ORF1a	0.03139462556329342
SARS_S	MERS_ORF1b	0.012508687228337978
SARS_S	HKU1_S	0.02604137499322834
SARS_S	HKU1_E	0.00739014406118399
SARS_S	HKU1_M	0.003738981325358881
SARS_S	HKU1_N	0.0008784572421420833
SARS_S	HKU1_ORF1a	0.009109915564421645
SARS_S	HKU1_ORF1b	0.030807656905062264
SARS_S	NL63_S	0.012619768907839002
SARS_S	NL63_E	0.007028985520632247
SARS_S	NL63_M	0.003784396156786052
SARS_S	NL63_N	0.0015145310233922737
SARS_S	NL63_ORF1a	0.03234391831413497
SARS_S	NL63_ORF1b	0.017637762968471304
SARS_S	OC43_S	0.01514229013561319
SARS_S	OC43_E	0.006532468750364839
SARS_S	OC43_M	0.0026616242340791185
SARS_S	OC43_N	0.0008160547231207405
SARS_S	OC43_ORF1a	0.0546752537249694
SARS_S	OC43_ORF1b	0.031894693006832675
SARS_S	229e_S	0.002606023543013203
SARS_S	229e_E	0.007289183344832861
SARS_S	229e_M	0.003484997806126655
SARS_S	229e_N	0.0014355397750052123
SARS_S	229e_ORF1a	0.017021118767614474
SARS_S	229e_ORF1b	0.01320136897899915
SARS_E	SARS_M	0.0008332497955007012
SARS_E	SARS_N	0.0004304237825512036
SARS_E	SARS_ORF1a	0.026911735964285977
SARS_E	SARS_ORF1b	0.012522716225323527
SARS_E	MERS_S	0.023438040369311963
SARS_E	MERS_E	2.2157272032141684e-05
SARS_E	MERS_M	0.0007647406667465884
SARS_E	MERS_N	0.0037755772986577396
SARS_E	MERS_ORF1a	0.06658650606899319
SARS_E	MERS_ORF1b	0.03782844249878747
SARS_E	HKU1_S	0.03918269671698349
SARS_E	HKU1_E	3.133539461108725e-05
SARS_E	HKU1_M	0.0014540974096328707
SARS_E	HKU1_N	0.004194884132585952
SARS_E	HKU1_ORF1a	0.027337146970957238
SARS_E	HKU1_ORF1b	0.05037673400331344
SARS_E	NL63_S	0.03328478809724633
SARS_E	NL63_E	4.503990307591632e-05
SARS_E	NL63_M	0.0007905306320924455
SARS_E	NL63_N	0.002770254068696354
SARS_E	NL63_ORF1a	0.06272404773281914
SARS_E	NL63_ORF1b	0.04293355293681156
SARS_E	OC43_S	0.03613177581237392
SARS_E	OC43_E	6.190988569843014e-05
SARS_E	OC43_M	0.001859414268371773
SARS_E	OC43_N	0.007083705260969242
SARS_E	OC43_ORF1a	0.08962944411071405
SARS_E	OC43_ORF1b	0.0600593416523475
SARS_E	229e_S	0.017766551072103676
SARS_E	229e_E	1.247988943664513e-05
SARS_E	229e_M	0.0009987086887346397
SARS_E	229e_N	0.0031858195829879143
SARS_E	229e_ORF1a	0.04540253687137952
SARS_E	229e_ORF1b	0.03828990681642919
SARS_M	SARS_N	9.517821415616634e-05
SARS_M	SARS_ORF1a	0.018420955015208684
SARS_M	SARS_ORF1b	0.0069518459464248394
SARS_M	MERS_S	0.015628519480522574
SARS_M	MERS_E	0.0006708250918953107
SARS_M	MERS_M	9.66682793657192e-06
SARS_M	MERS_N	0.0010845781410544486
SARS_M	MERS_ORF1a	0.05340358628941688
SARS_M	MERS_ORF1b	0.027784035336904767
SARS_M	HKU1_S	0.0329031597424021
SARS_M	HKU1_E	0.0007062358039197081
SARS_M	HKU1_M	0.0004132861416632494
SARS_M	HKU1_N	0.0013434501081663885
SARS_M	HKU1_ORF1a	0.019472301453497765
SARS_M	HKU1_ORF1b	0.04190130549982185
SARS_M	NL63_S	0.02471968608176467
SARS_M	NL63_E	0.0005953376166786262
SARS_M	NL63_M	3.675706738093254e-05
SARS_M	NL63_N	0.0006104251117632353
SARS_M	NL63_ORF1a	0.05092400521217255
SARS_M	NL63_ORF1b	0.03277102621545325
SARS_M	OC43_S	0.027514793104507995
SARS_M	OC43_E	0.0004552037293762412
SARS_M	OC43_M	0.0003599129726129524
SARS_M	OC43_N	0.003258189275314516
SARS_M	OC43_ORF1a	0.07635622406850973
SARS_M	OC43_ORF1b	0.04893786495031449
SARS_M	229e_S	0.011060113356527013
SARS_M	229e_E	0.0006706971567931319
SARS_M	229e_M	6.370197373706254e-05
SARS_M	229e_N	0.0008512960325778307
SARS_M	229e_ORF1a	0.0343262370087164
SARS_M	229e_ORF1b	0.02827230344398146
SARS_N	SARS_ORF1a	0.020746779711692587
SARS_N	SARS_ORF1b	0.00842365565432579
SARS_N	MERS_S	0.017915702183938564
SARS_N	MERS_E	0.00033549853851233546
SARS_N	MERS_M	7.91691871526723e-05
SARS_N	MERS_N	0.0017335829029782035
SARS_N	MERS_ORF1a	0.05746882050167301
SARS_N	MERS_ORF1b	0.03084436373942423
SARS_N	HKU1_S	0.03491993409831451
SARS_N	HKU1_E	0.00036901879338990806
SARS_N	HKU1_M	0.0006517458925169306
SARS_N	HKU1_N	0.002098814502708657
SARS_N	HKU1_ORF1a	0.021898220102448462
SARS_N	HKU1_ORF1b	0.04476743347040968
SARS_N	NL63_S	0.027386691976947874
SARS_N	NL63_E	0.00029814799861738184
SARS_N	NL63_M	0.00010997143341628934
SARS_N	NL63_N	0.0011291038268407272
SARS_N	NL63_ORF1a	0.05474169656759387
SARS_N	NL63_ORF1b	0.035997119161185864
SARS_N	OC43_S	0.030079589830400266
SARS_N	OC43_E	0.00018839478035825863
SARS_N	OC43_M	0.0007045964241485514
SARS_N	OC43_N	0.0043265674896941775
SARS_N	OC43_ORF1a	0.08061083735392105
SARS_N	OC43_ORF1b	0.052526342992521236
SARS_N	229e_S	0.012985431384943125
SARS_N	229e_E	0.0003256510044674643
SARS_N	229e_M	0.00022032763874335615
SARS_N	229e_N	0.0014217750161283904
SARS_N	229e_ORF1a	0.0376860395638442
SARS_N	229e_ORF1b	0.031335803639576
SARS_ORF1a	SARS_ORF1b	0.00370414310822631
SARS_ORF1a	MERS_S	0.0006584746501824279
SARS_ORF1a	MERS_E	0.026044928235183895
SARS_ORF1a	MERS_M	0.01888177765283383
SARS_ORF1a	MERS_N	0.010671167727137942
SARS_ORF1a	MERS_ORF1a	0.011476364498416824
SARS_ORF1a	MERS_ORF1b	0.002604251569251481
SARS_ORF1a	HKU1_S	0.028414466275776595
SARS_ORF1a	HKU1_E	0.026252909576588213
SARS_ORF1a	HKU1_M	0.01849856906174341
SARS_ORF1a	HKU1_N	0.01074749270201536
SARS_ORF1a	HKU1_ORF1a	0.0072819082480125585
SARS_ORF1a	HKU1_ORF1b	0.02789566751905237
SARS_ORF1a	NL63_S	0.006636393160293519
SARS_ORF1a	NL63_E	0.02555017797366088
SARS_ORF1a	NL63_M	0.019042038432376285
SARS_ORF1a	NL63_N	0.013092722361439657
SARS_ORF1a	NL63_ORF1a	0.0178891393157804
SARS_ORF1a	NL63_ORF1b	0.008361124898700667
SARS_ORF1a	OC43_S	0.008955604273413353
SARS_ORF1a	OC43_E	0.024587570076108678
SARS_ORF1a	OC43_M	0.01594287998113908
SARS_ORF1a	OC43_N	0.007902046236141658
SARS_ORF1a	OC43_ORF1a	0.03571503350058114
SARS_ORF1a	OC43_ORF1b	0.019719927986230346
SARS_ORF1a	229e_S	0.0018893469907480531
SARS_ORF1a	229e_E	0.026012489138998673
SARS_ORF1a	229e_M	0.018276599278895578
SARS_ORF1a	229e_N	0.012731341674289909
SARS_ORF1a	229e_ORF1a	0.004883029543764739
SARS_ORF1a	229e_ORF1b	0.003911511893209263
SARS_ORF1b	MERS_S	0.002871551530187144
SARS_ORF1b	MERS_E	0.011774102883392645
SARS_ORF1b	MERS_M	0.0071410954792389125
SARS_ORF1b	MERS_N	0.0028654319335600364
SARS_ORF1b	MERS_ORF1a	0.025553157228241696
SARS_ORF1b	MERS_ORF1b	0.00830913714293302
SARS_ORF1b	HKU1_S	0.02282657275314859
SARS_ORF1b	HKU1_E	0.011857201081828417
SARS_ORF1b	HKU1_M	0.006499441856163357
SARS_ORF1b	HKU1_N	0.0024158937048404105
SARS_ORF1b	HKU1_ORF1a	0.004965205936428019
SARS_ORF1b	HKU1_ORF1b	0.024766002388318276
SARS_ORF1b	NL63_S	0.00944326737827339
SARS_ORF1b	NL63_E	0.011410914934911753
SARS_ORF1b	NL63_M	0.007076582211688498
SARS_ORF1b	NL63_N	0.0036836965905524544
SARS_ORF1b	NL63_ORF1a	0.025652831955451316
SARS_ORF1b	NL63_ORF1b	0.01234207564136669
SARS_ORF1b	OC43_S	0.012415059097406478
SARS_ORF1b	OC43_E	0.01085672201027521
SARS_ORF1b	OC43_M	0.005369597326456588
SARS_ORF1b	OC43_N	0.001791424402518338
SARS_ORF1b	OC43_ORF1a	0.04727946812796613
SARS_ORF1b	OC43_ORF1b	0.02575017370087529
SARS_ORF1b	229e_S	0.0013436741866234003
SARS_ORF1b	229e_E	0.011827058787923894
SARS_ORF1b	229e_M	0.006590878329318706
SARS_ORF1b	229e_N	0.0033607861670879036
SARS_ORF1b	229e_ORF1a	0.011764876057725915
SARS_ORF1b	229e_ORF1b	0.008697634589586833
MERS_S	MERS_E	0.022561739055760532
MERS_S	MERS_M	0.016025093332527107
MERS_S	MERS_N	0.008632747066493418
MERS_S	MERS_ORF1a	0.011820743268421308
MERS_S	MERS_ORF1b	0.0020737719423556955
MERS_S	HKU1_S	0.023816938609416027
MERS_S	HKU1_E	0.022726497991430117
MERS_S	HKU1_M	0.01509475338453703
MERS_S	HKU1_N	0.008370015086428317
MERS_S	HKU1_ORF1a	0.0055328570563210056
MERS_S	HKU1_ORF1b	0.023331993884592728
MERS_S	NL63_S	0.00428499809427918
MERS_S	NL63_E	0.022054315036848737
MERS_S	NL63_M	0.016163570091137336
MERS_S	NL63_N	0.01054762633250561
MERS_S	NL63_ORF1a	0.015465982373391252
MERS_S	NL63_ORF1b	0.006436556457260267
MERS_S	OC43_S	0.007261577301785782
MERS_S	OC43_E	0.02126552017574812
MERS_S	OC43_M	0.012950924361790572
MERS_S	OC43_N	0.005697677511747767
MERS_S	OC43_ORF1a	0.03320779090632864
MERS_S	OC43_ORF1b	0.01690966870170496
MERS_S	229e_S	0.0007835017378575726
MERS_S	229e_E	0.022571494231983125
MERS_S	229e_M	0.015291491397266044
MERS_S	229e_N	0.01023823366304688
MERS_S	229e_ORF1a	0.004639250271357809
MERS_S	229e_ORF1b	0.0030217313412730373
MERS_E	MERS_M	0.0005981415723205208
MERS_E	MERS_N	0.0034433654695152915
MERS_E	MERS_ORF1a	0.06521300346983883
MERS_E	MERS_ORF1b	0.03659507267421347
MERS_E	HKU1_S	0.03786276348806494
MERS_E	HKU1_E	2.6974682157954177e-06
MERS_E	HKU1_M	0.0011478035021009747
MERS_E	HKU1_N	0.003745476674458015
MERS_E	HKU1_ORF1a	0.02595672296078455
MERS_E	HKU1_ORF1b	0.048571855811105014
MERS_E	NL63_S	0.032152435110714195
MERS_E	NL63_E	4.816206332747264e-06
MERS_E	NL63_M	0.000600075079194462
MERS_E	NL63_N	0.0024187085860718494
MERS_E	NL63_ORF1a	0.061028401900023455
MERS_E	NL63_ORF1b	0.04143396726377757
MERS_E	OC43_S	0.03511238180061893
MERS_E	OC43_E	2.2952168804657447e-05
MERS_E	OC43_M	0.0015752535037747428
MERS_E	OC43_N	0.006565480092019849
MERS_E	OC43_ORF1a	0.08787478890914047
MERS_E	OC43_ORF1b	0.05842177683475802
MERS_E	229e_S	0.016956900095736138
MERS_E	229e_E	3.218606570154492e-06
MERS_E	229e_M	0.0007732795384745028
MERS_E	229e_N	0.0027902076752965854
MERS_E	229e_ORF1a	0.04399813383345408
MERS_E	229e_ORF1b	0.03697424745240918
MERS_M	MERS_N	0.0011950400458495825
MERS_M	MERS_ORF1a	0.05411579235890163
MERS_M	MERS_ORF1b	0.0282298457622141
MERS_M	HKU1_S	0.032562208914909574
MERS_M	HKU1_E	0.0006294511168770667
MERS_M	HKU1_M	0.00035050027798821937
MERS_M	HKU1_N	0.0014109739194804183
MERS_M	HKU1_ORF1a	0.019581677868031666
MERS_M	HKU1_ORF1b	0.041657334297887316
MERS_M	NL63_S	0.02493827723306241
MERS_M	NL63_E	0.0005235107622122426
MERS_M	NL63_M	2.3176903959365447e-05
MERS_M	NL63_N	0.0006454371793601643
MERS_M	NL63_ORF1a	0.051206873047551005
MERS_M	NL63_ORF1b	0.0329919926416572
MERS_M	OC43_S	0.02772405070002204
MERS_M	OC43_E	0.0004024984155405198
MERS_M	OC43_M	0.0003468162707229716
MERS_M	OC43_N	0.003353505584815175
MERS_M	OC43_ORF1a	0.07657807684380802
MERS_M	OC43_ORF1b	0.04905866924292779
MERS_M	229e_S	0.011311030729231564
MERS_M	229e_E	0.0006053931664344869
MERS_M	229e_M	5.133235937648806e-05
MERS_M	229e_N	0.0008697231867917932
MERS_M	229e_ORF1a	0.03471078649603676
MERS_M	229e_ORF1b	0.028598543967789714
MERS_N	MERS_ORF1a	0.039868077574981675
MERS_N	MERS_ORF1b	0.01835639976008796
MERS_N	HKU1_S	0.027987504888044024
MERS_N	HKU1_E	0.003524095828442597
MERS_N	HKU1_M	0.0013756124577924966
MERS_N	HKU1_N	0.00022113754089614357
MERS_N	HKU1_ORF1a	0.01327068896021244
MERS_N	HKU1_ORF1b	0.034999061068355264
MERS_N	NL63_S	0.016737090931533416
MERS_N	NL63_E	0.003263713114077027
MERS_N	NL63_M	0.0012822517747816953
MERS_N	NL63_N	0.0002324762513368217
MERS_N	NL63_ORF1a	0.03951608199070411
MERS_N	NL63_ORF1b	0.023391652635782467
MERS_N	OC43_S	0.019251173356041762
MERS_N	OC43_E	0.002931397943355729
MERS_N	OC43_M	0.000682056805947906
MERS_N	OC43_N	0.000874344112859804
MERS_N	OC43_ORF1a	0.0626457952499544
MERS_N	OC43_ORF1b	0.03815924936880588
MERS_N	229e_S	0.005370004260397021
MERS_N	229e_E	0.003438280476180555
MERS_N	229e_M	0.0011030876831931158
MERS_N	229e_N	0.00031997417238127657
MERS_N	229e_ORF1a	0.023752227855337038
MERS_N	229e_ORF1b	0.01892347099869285
MERS_ORF1a	MERS_ORF1b	0.005323332821000504
MERS_ORF1a	HKU1_S	0.03905762704179916
MERS_ORF1a	HKU1_E	0.06550589140908825
MERS_ORF1a	HKU1_M	0.05197429763888439
MERS_ORF1a	HKU1_N	0.03934766216594632
MERS_ORF1a	HKU1_ORF1a	0.020332513443298228
MERS_ORF1a	HKU1_ORF1b	0.03152970698946467
MERS_ORF1a	NL63_S	0.009970696878371932
MERS_ORF1a	NL63_E	0.06435184137474292
MERS_ORF1a	NL63_M	0.05449355945438028
MERS_ORF1a	NL63_N	0.04375447075588734
MERS_ORF1a	NL63_ORF1a	0.007879252373710455
MERS_ORF1a	NL63_ORF1b	0.008540306745740023
MERS_ORF1a	OC43_S	0.012732514503873249
MERS_ORF1a	OC43_E	0.06308804708714622
MERS_ORF1a	OC43_M	0.04804979883909821
MERS_ORF1a	OC43_N	0.03250190665439279
MERS_ORF1a	OC43_ORF1a	0.017376444775034305
MERS_ORF1a	OC43_ORF1b	0.012133103285773772
MERS_ORF1a	229e_S	0.01712633662389751
MERS_ORF1a	229e_E	0.06521368552875806
MERS_ORF1a	229e_M	0.05279210880868612
MERS_ORF1a	229e_N	0.04313816317122143
MERS_ORF1a	229e_ORF1a	0.004734270665477713
MERS_ORF1a	229e_ORF1b	0.006608290039048503
MERS_ORF1b	HKU1_S	0.0240014530168583
MERS_ORF1b	HKU1_E	0.03675768364315768
MERS_ORF1b	HKU1_M	0.026207634429074034
MERS_ORF1b	HKU1_N	0.01737251901540615
MERS_ORF1b	HKU1_ORF1a	0.005474347842285399
MERS_ORF1b	HKU1_ORF1b	0.01879937574009194
MERS_ORF1b	NL63_S	0.00327047385014001
MERS_ORF1b	NL63_E	0.03590003416557086
MERS_ORF1b	NL63_M	0.028286715102673665
MERS_ORF1b	NL63_N	0.020574884221277512
MERS_ORF1b	NL63_ORF1a	0.007750419314750179
MERS_ORF1b	NL63_ORF1b	0.002475869361747929
MERS_ORF1b	OC43_S	0.00709479097441823
MERS_ORF1b	OC43_E	0.03501759194410747
MERS_ORF1b	OC43_M	0.02379333353014146
MERS_ORF1b	OC43_N	0.013325471520357679
MERS_ORF1b	OC43_ORF1a	0.023528615707982148
MERS_ORF1b	OC43_ORF1b	0.010410737941406567
MERS_ORF1b	229e_S	0.0043270389761973505
MERS_ORF1b	229e_E	0.03667335052410514
MERS_ORF1b	229e_M	0.027010440106141953
MERS_ORF1b	229e_N	0.019949215672013798
MERS_ORF1b	229e_ORF1a	0.0009529387386804089
MERS_ORF1b	229e_ORF1b	0.0006019758040928247
HKU1_S	HKU1_E	0.03787912909143232
HKU1_S	HKU1_M	0.027611050322788433
HKU1_S	HKU1_N	0.02518268164528903
HKU1_S	HKU1_ORF1a	0.016764864684491565
HKU1_S	HKU1_ORF1b	0.0057187261760689445
HKU1_S	NL63_S	0.012349114528086513
HKU1_S	NL63_E	0.03721727482087067
HKU1_S	NL63_M	0.032550373721812687
HKU1_S	NL63_N	0.026669256981945444
HKU1_S	NL63_ORF1a	0.020477332248353797
HKU1_S	NL63_ORF1b	0.01436578578905412
HKU1_S	OC43_S	0.012432121568723309
HKU1_S	OC43_E	0.03719069661271246
HKU1_S	OC43_M	0.026787336553636965
HKU1_S	OC43_N	0.020501517109550393
HKU1_S	OC43_ORF1a	0.021859938711752624
HKU1_S	OC43_ORF1b	0.011467201065362587
HKU1_S	229e_S	0.019178795688803096
HKU1_S	229e_E	0.038231836620462145
HKU1_S	229e_M	0.03122540409859753
HKU1_S	229e_N	0.02533351006443485
HKU1_S	229e_ORF1a	0.021510866837585407
HKU1_S	229e_ORF1b	0.018250411045323323
HKU1_E	HKU1_M	0.0011468787501377475
HKU1_E	HKU1_N	0.003790262855978499
HKU1_E	HKU1_ORF1a	0.02592990551490537
HKU1_E	HKU1_ORF1b	0.04850260173608878
HKU1_E	NL63_S	0.032306020186260054
HKU1_E	NL63_E	6.817401445924354e-06
HKU1_E	NL63_M	0.0006189822680617851
HKU1_E	NL63_N	0.0024651574669667387
HKU1_E	NL63_ORF1a	0.06115634018482774
HKU1_E	NL63_ORF1b	0.04153656038511633
HKU1_E	OC43_S	0.035322481979791154
HKU1_E	OC43_E	3.3704800593725714e-05
HKU1_E	OC43_M	0.0016151332250324835
HKU1_E	OC43_N	0.006660753301570677
HKU1_E	OC43_ORF1a	0.08812086288905874
HKU1_E	OC43_ORF1b	0.05857178863053014
HKU1_E	229e_S	0.0171035195882816
HKU1_E	229e_E	9.862231662105536e-06
HKU1_E	229e_M	0.0007908714320276067
HKU1_E	229e_N	0.0028350424308403177
HKU1_E	229e_ORF1a	0.044179771633944154
HKU1_E	229e_ORF1b	0.03712773999329355
HKU1_M	HKU1_N	0.001083327411709134
HKU1_M	HKU1_ORF1a	0.016582121587739418
HKU1_M	HKU1_ORF1b	0.035529515427777936
HKU1_M	NL63_S	0.022157055211707632
HKU1_M	NL63_E	0.0010132538017316728
HKU1_M	NL63_M	0.00030024140237194796
HKU1_M	NL63_N	0.0005223222739977329
HKU1_M	NL63_ORF1a	0.046634965145903706
HKU1_M	NL63_ORF1b	0.029313156109959992
HKU1_M	OC43_S	0.025411331143788463
HKU1_M	OC43_E	0.0009687289255184695
HKU1_M	OC43_M	0.00020933090481600747
HKU1_M	OC43_N	0.002766295512385275
HKU1_M	OC43_ORF1a	0.07113471774166369
HKU1_M	OC43_ORF1b	0.04417668266960928
HKU1_M	229e_S	0.010281906595678403
HKU1_M	229e_E	0.0012132863096869784
HKU1_M	229e_M	0.00017744136997488447
HKU1_M	229e_N	0.0006048064194263958
HKU1_M	229e_ORF1a	0.03210549604021096
HKU1_M	229e_ORF1b	0.026009880408568442
HKU1_N	HKU1_ORF1a	0.010960241956567085
HKU1_N	HKU1_ORF1b	0.03096205728387369
HKU1_N	NL63_S	0.015575083937172884
HKU1_N	NL63_E	0.003524728545489242
HKU1_N	NL63_M	0.0013986913590163796
HKU1_N	NL63_N	0.0001705810154812859
HKU1_N	NL63_ORF1a	0.037117305526696565
HKU1_N	NL63_ORF1b	0.021286743368488126
HKU1_N	OC43_S	0.018630401886983505
HKU1_N	OC43_E	0.0032571964547751797
HKU1_N	OC43_M	0.0006498803868901781
HKU1_N	OC43_N	0.0006846953249981524
HKU1_N	OC43_ORF1a	0.0603957336605212
HKU1_N	OC43_ORF1b	0.03572457960418718
HKU1_N	229e_S	0.005001742800593845
HKU1_N	229e_E	0.0037902380826201343
HKU1_N	229e_M	0.0011299138923578367
HKU1_N	229e_N	0.00014033312380135055
HKU1_N	229e_ORF1a	0.022431970474691587
HKU1_N	229e_ORF1b	0.01757934844014697
HKU1_ORF1a	HKU1_ORF1b	0.011198918086669174
HKU1_ORF1a	NL63_S	0.0070166718637521
HKU1_ORF1a	NL63_E	0.025320252134959476
HKU1_ORF1a	NL63_M	0.019161883951037573
HKU1_ORF1a	NL63_N	0.013540710334427275
HKU1_ORF1a	NL63_ORF1a	0.014140578409458038
HKU1_ORF1a	NL63_ORF1b	0.004780786229491518
HKU1_ORF1a	OC43_S	0.012262616958791273
HKU1_ORF1a	OC43_E	0.024878159685046364
HKU1_ORF1a	OC43_M	0.015971310392783655
HKU1_ORF1a	OC43_N	0.00931361719621493
HKU1_ORF1a	OC43_ORF1a	0.03457853770507646
HKU1_ORF1a	OC43_ORF1b	0.0152039083411869
HKU1_ORF1a	229e_S	0.004976910568076587
HKU1_ORF1a	229e_E	0.02620965014307408
HKU1_ORF1a	229e_M	0.01808209081978729
HKU1_ORF1a	229e_N	0.012635773735609424
HKU1_ORF1a	229e_ORF1a	0.006679361815243756
HKU1_ORF1a	229e_ORF1b	0.004591685207996465
HKU1_ORF1b	NL63_S	0.011906614824122586
HKU1_ORF1b	NL63_E	0.04770083273973036
HKU1_ORF1b	NL63_M	0.04123867745103049
HKU1_ORF1b	NL63_N	0.03371047701005925
HKU1_ORF1b	NL63_ORF1a	0.011228398406364692
HKU1_ORF1b	NL63_ORF1b	0.008392183894892491
HKU1_ORF1b	OC43_S	0.01659515188031624
HKU1_ORF1b	OC43_E	0.04764646772975656
HKU1_ORF1b	OC43_M	0.03521214201718004
HKU1_ORF1b	OC43_N	0.026508316035715684
HKU1_ORF1b	OC43_ORF1a	0.0204404210527801
HKU1_ORF1b	OC43_ORF1b	0.007750278514637943
HKU1_ORF1b	229e_S	0.02108005780734834
HKU1_ORF1b	229e_E	0.04904887480619502
HKU1_ORF1b	229e_M	0.039480351476137265
HKU1_ORF1b	229e_N	0.032107242316669615
HKU1_ORF1b	229e_ORF1a	0.016259056642773384
HKU1_ORF1b	229e_ORF1b	0.013988209552051378
NL63_S	NL63_E	0.0314942897597702
NL63_S	NL63_M	0.025157486451456768
NL63_S	NL63_N	0.018037078214875213
NL63_S	NL63_ORF1a	0.006021783306014661
NL63_S	NL63_ORF1b	0.00211457983758756
NL63_S	OC43_S	0.0019465750500712309
NL63_S	OC43_E	0.03088114410424081
NL63_S	OC43_M	0.02006177731405101
NL63_S	OC43_N	0.01104038112534933
NL63_S	OC43_ORF1a	0.01632362938419052
NL63_S	OC43_ORF1b	0.005262606582552953
NL63_S	229e_S	0.004521071670101073
NL63_S	229e_E	0.03227905677001419
NL63_S	229e_M	0.023837099903807668
NL63_S	229e_N	0.01740806011975915
NL63_S	229e_ORF1a	0.0036101821547998014
NL63_S	229e_ORF1b	0.002089996122831672
NL63_E	NL63_M	0.0005215273247306529
NL63_E	NL63_N	0.0022448279590294717
NL63_E	NL63_ORF1a	0.06007093238543226
NL63_E	NL63_ORF1b	0.0406282618386945
NL63_E	OC43_S	0.034510243787051365
NL63_E	OC43_E	1.6779270499700516e-05
NL63_E	OC43_M	0.0014327135028887605
NL63_E	OC43_N	0.006280129166509663
NL63_E	OC43_ORF1a	0.08684642655968666
NL63_E	OC43_ORF1b	0.0575048254788012
NL63_E	229e_S	0.016503119368369235
NL63_E	229e_E	1.2535371276323204e-05
NL63_E	229e_M	0.0006733902084621324
NL63_E	229e_N	0.0025991085905650024
NL63_E	229e_ORF1a	0.043224728919699196
NL63_E	229e_ORF1b	0.03625128668401567
NL63_M	NL63_N	0.000658687136563807
NL63_M	NL63_ORF1a	0.051233907323070094
NL63_M	NL63_ORF1b	0.032953718052000314
NL63_M	OC43_S	0.028152715295972408
NL63_M	OC43_E	0.00041125910353512207
NL63_M	OC43_M	0.0003904044866955836
NL63_M	OC43_N	0.003472043881898479
NL63_M	OC43_ORF1a	0.07705470109551105
NL63_M	OC43_ORF1b	0.04924661217854853
NL63_M	229e_S	0.011460465368700712
NL63_M	229e_E	0.0006161562110715835
NL63_M	229e_M	2.7655148037264432e-05
NL63_M	229e_N	0.0008671851461041769
NL63_M	229e_ORF1a	0.034817820471212846
NL63_M	229e_ORF1b	0.028670111273118026
NL63_N	NL63_ORF1a	0.04107872977359206
NL63_N	NL63_ORF1b	0.02460207023031391
NL63_N	OC43_S	0.020940694395999326
NL63_N	OC43_E	0.0020259464273497674
NL63_N	OC43_M	0.00019005756898127224
NL63_N	OC43_N	0.0011552958892891985
NL63_N	OC43_ORF1a	0.0646877319678324
NL63_N	OC43_ORF1b	0.03927010588956037
NL63_N	229e_S	0.006672068314213742
NL63_N	229e_E	0.002450123077074595
NL63_N	229e_M	0.0004824131797265263
NL63_N	229e_N	4.021913887974904e-05
NL63_N	229e_ORF1a	0.02601638500579928
NL63_N	229e_ORF1b	0.02074321147248115
NL63_ORF1a	NL63_ORF1b	0.0033972433394175994
NL63_ORF1a	OC43_S	0.009948677850038279
NL63_ORF1a	OC43_E	0.05936831336966941
NL63_ORF1a	OC43_M	0.04440713586624767
NL63_ORF1a	OC43_N	0.030868793964613173
NL63_ORF1a	OC43_ORF1a	0.009907227801083773
NL63_ORF1a	OC43_ORF1b	0.0027250810190292407
NL63_ORF1a	229e_S	0.018159585813418366
NL63_ORF1a	229e_E	0.06127333790460521
NL63_ORF1a	229e_M	0.04926825253230516
NL63_ORF1a	229e_N	0.04000281872731282
NL63_ORF1a	229e_ORF1a	0.006120429923828219
NL63_ORF1a	229e_ORF1b	0.0063157933496669205
NL63_ORF1b	OC43_S	0.006102708487323305
NL63_ORF1b	OC43_E	0.039993418258882474
NL63_ORF1b	OC43_M	0.027392263083814483
NL63_ORF1b	OC43_N	0.016426139048604793
NL63_ORF1b	OC43_ORF1a	0.015375857340555021
NL63_ORF1b	OC43_ORF1b	0.00379881061901155
NL63_ORF1b	229e_S	0.007450737266671892
NL63_ORF1b	229e_E	0.041659280187649084
NL63_ORF1b	229e_M	0.03138323423643541
NL63_ORF1b	229e_N	0.023564157413442532
NL63_ORF1b	229e_ORF1a	0.0015686982717479925
NL63_ORF1b	229e_ORF1b	0.0009777710285389096
OC43_S	OC43_E	0.033795600241012025
OC43_S	OC43_M	0.022762129082120386
OC43_S	OC43_N	0.013384411354559589
OC43_S	OC43_ORF1a	0.01491903219804247
OC43_S	OC43_ORF1b	0.006916356905968923
OC43_S	229e_S	0.006926341456263807
OC43_S	229e_E	0.035195092417199314
OC43_S	229e_M	0.026969934825712305
OC43_S	229e_N	0.02032051833923687
OC43_S	229e_ORF1a	0.0066038658981356635
OC43_S	229e_ORF1b	0.005381765104373937
OC43_E	OC43_M	0.001293721138262538
OC43_E	OC43_N	0.005926600779824098
OC43_E	OC43_ORF1a	0.08601602376829254
OC43_E	OC43_ORF1b	0.05690772248276221
OC43_E	229e_S	0.01586752391282631
OC43_E	229e_E	2.1305177039687706e-05
OC43_E	229e_M	0.0005672549433286544
OC43_E	229e_N	0.002383332440077157
OC43_E	229e_ORF1a	0.04231120395154453
OC43_E	229e_ORF1b	0.03546146722142729
OC43_M	OC43_N	0.001757668687440872
OC43_M	OC43_ORF1a	0.06740833625766629
OC43_M	OC43_ORF1b	0.04172050680197903
OC43_M	229e_S	0.008469282470907724
OC43_M	229e_E	0.0016105229623931683
OC43_M	229e_M	0.00025349473970515124
OC43_M	229e_N	0.0002671069111214175
OC43_M	229e_ORF1a	0.02937144172326911
OC43_M	229e_ORF1b	0.023673337834807406
OC43_N	OC43_ORF1a	0.050236969387559616
OC43_N	OC43_ORF1b	0.02847431004684653
OC43_N	229e_S	0.002663179119172465
OC43_N	229e_E	0.006608630776592017
OC43_N	229e_M	0.003040149278532245
OC43_N	229e_N	0.0009774281934551432
OC43_N	229e_ORF1a	0.01718609138675009
OC43_N	229e_ORF1b	0.01301671477160593
OC43_ORF1a	OC43_ORF1b	0.004761285611669663
OC43_ORF1a	229e_S	0.03512177761919355
OC43_ORF1a	229e_E	0.08811904527131964
OC43_ORF1a	229e_M	0.0748181408559806
OC43_ORF1a	229e_N	0.06324929732116191
OC43_ORF1a	229e_ORF1a	0.017739446430628303
OC43_ORF1a	229e_ORF1b	0.019283042036899123
OC43_ORF1b	229e_S	0.017569526298352622
OC43_ORF1b	229e_E	0.058698429324997026
OC43_ORF1b	229e_M	0.047328259260244976
OC43_ORF1b	229e_N	0.03796608377847632
OC43_ORF1b	229e_ORF1a	0.00705565292792576
OC43_ORF1b	229e_ORF1b	0.0070065631739635315
229e_S	229e_E	0.017000563679364644
229e_S	229e_M	0.010698030884629062
229e_S	229e_N	0.006282943069672586
229e_S	229e_ORF1a	0.006659122618557278
229e_S	229e_ORF1b	0.004341878865784743
229e_E	229e_M	0.0007991727600317189
229e_E	229e_N	0.002837328149964846
229e_E	229e_ORF1a	0.0441284275281183
229e_E	229e_ORF1b	0.037110409212105955
229e_M	229e_N	0.000662517369565796
229e_M	229e_ORF1a	0.033384825671017415
229e_M	229e_ORF1b	0.02732060439802053
229e_N	229e_ORF1a	0.025060839231921817
229e_N	229e_ORF1b	0.019892824825526012
229e_ORF1a	229e_ORF1b	0.00039564622513377223
