Virus,Gene,Site,alpha,beta-,p-,beta+,p+,LRT,p-value,num_branches_under_selection,total_branch_length,MEME_logL,FEL_logL
HKU1,E,1.0,0.0,0.0,1.0,0.0,0.0,0.0,1.0,0.0,0.0,0.0,0.0
HKU1,E,2.0,0.0,0.0,1.0,0.0,0.0,0.0,1.0,0.0,0.0,0.0,0.0
HKU1,E,3.0,0.0,0.0,1.0,0.0,0.0,0.0,1.0,0.0,0.0,0.0,0.0
HKU1,E,4.0,0.0,0.0,0.8,0.0,0.2,0.0,0.6666666666666666,0.0,0.0,-5.530609963480386,-5.530609963480387
HKU1,E,5.0,0.0,0.0,1.0,0.0,0.0,0.0,1.0,0.0,0.0,0.0,0.0
HKU1,E,6.0,0.0,0.0,1.0,0.0,0.0,0.0,1.0,0.0,0.0,0.0,0.0
HKU1,E,7.0,0.0,0.0,0.8,0.0,0.2,0.0,0.6666666666666666,0.0,0.0,-6.091977940673959,-6.091977940673959
HKU1,E,8.0,0.0,0.0,1.0,0.0,0.0,0.0,1.0,0.0,0.0,0.0,0.0
HKU1,E,9.0,0.0,0.0,1.0,0.0,0.0,0.0,1.0,0.0,0.0,0.0,0.0
HKU1,E,10.0,0.0,0.0,1.0,0.0,0.0,0.0,1.0,0.0,0.0,0.0,0.0
HKU1,E,11.0,0.0,0.0,1.0,0.0,0.0,0.0,1.0,0.0,0.0,0.0,0.0
HKU1,E,12.0,1.766528291219116,0.0,1.0,1.084768617297405,0.0,0.0,0.6666666666666666,0.0,0.0,-5.146567862484142,-5.146474188541827
HKU1,E,13.0,0.0,0.0,0.75,0.0,0.25,0.0,0.6666666666666666,0.0,0.0,-6.238965386213264,-6.238965386213264
HKU1,E,14.0,6.010727148951627,0.0,1.0,2.979252353262196,0.0,0.0,0.6666666666666666,0.0,0.0,-5.75798212704033,-5.757937288633217
HKU1,E,15.0,0.0,0.0,1.0,0.0,0.0,0.0,1.0,0.0,0.0,0.0,0.0
HKU1,E,16.0,0.0,0.0,1.0,0.0,0.0,0.0,1.0,0.0,0.0,0.0,0.0
HKU1,E,17.0,0.0,0.0,0.8,0.0,0.2,0.0,0.6666666666666666,0.0,0.0,-6.571952980454905,-6.571952980454904
HKU1,E,18.0,0.0,0.0,0.8,0.0,0.2,0.0,0.6666666666666666,0.0,0.0,-4.872387671296242,-4.872387671296242
HKU1,E,19.0,0.0,0.0,1.0,0.0,0.0,0.0,1.0,0.0,0.0,0.0,0.0
HKU1,E,20.0,0.0,0.0,1.0,0.0,0.0,0.0,1.0,0.0,0.0,0.0,0.0
HKU1,E,21.0,0.0,0.0,1.0,0.0,0.0,0.0,1.0,0.0,0.0,0.0,0.0
HKU1,E,22.0,0.0,0.0,0.8,0.0,0.2,0.0,0.6666666666666666,0.0,0.0,-4.559026198634665,-4.559026198634666
HKU1,E,23.0,0.0,0.0,1.0,0.0,0.0,0.0,1.0,0.0,0.0,0.0,0.0
HKU1,E,24.0,1.866687327019061,0.0,1.0,0.9307278041067815,0.0,0.0,0.6666666666666666,0.0,0.0,-8.716491121019896,-8.716853761387824
HKU1,E,25.0,0.0,0.0,1.0,0.0,0.0,0.0,1.0,0.0,0.0,0.0,0.0
HKU1,E,26.0,1.95057763295822,0.0,1.0,1.550244220255187,0.0,0.0,0.6666666666666666,0.0,0.0,-6.93967995786242,-6.940589096227976
HKU1,E,27.0,0.0,0.0,1.0,0.0,0.0,0.0,1.0,0.0,0.0,0.0,0.0
HKU1,E,28.0,8.022107795796021,0.0,1.0,2.973660264197068,0.0,0.0,0.6666666666666666,0.0,0.0,-7.164661757271363,-7.165190972497038
HKU1,E,29.0,0.0,0.0,1.0,0.0,0.0,0.0,1.0,0.0,0.0,0.0,0.0
HKU1,E,30.0,981.866192536157,0.0,0.792916646614612,0.0,0.207083353385388,0.0,0.6666666666666666,0.0,0.0,-6.783056585688922,-6.73111014799319
HKU1,E,31.0,0.0,0.0,1.0,0.0,0.0,0.0,1.0,0.0,0.0,0.0,0.0
HKU1,E,32.0,6.041709178980899,0.0,1.0,2.291375220661996,0.0,0.0,0.6666666666666666,0.0,0.0,-5.489412002043528,-5.489363799817848
HKU1,E,33.0,0.0,0.0,0.8,0.0,0.2,0.0,0.6666666666666666,0.0,0.0,-4.982729673025623,-4.982729673025623
HKU1,E,34.0,0.0,0.0,1.0,0.0,0.0,0.0,1.0,0.0,0.0,0.0,0.0
HKU1,E,35.0,0.0,0.0,1.0,0.0,0.0,0.0,1.0,0.0,0.0,0.0,0.0
HKU1,E,36.0,0.0,0.0,1.0,0.0,0.0,0.0,1.0,0.0,0.0,0.0,0.0
HKU1,E,37.0,0.0,0.0,1.0,0.0,0.0,0.0,1.0,0.0,0.0,0.0,0.0
HKU1,E,38.0,13.59379300550621,0.0,0.8175732608052845,0.01100272502018966,0.1824267391947155,0.0,0.6666666666666666,0.0,0.0,-5.408703214212657,-5.409573735356629
HKU1,E,39.0,0.0,0.0,1.0,0.0,0.0,0.0,1.0,0.0,0.0,0.0,0.0
HKU1,E,40.0,0.0,0.0,1.0,0.0,0.0,0.0,1.0,0.0,0.0,0.0,0.0
HKU1,E,41.0,1346.626228891271,0.0,0.7527872486596338,0.0,0.2472127513403662,0.0,0.6666666666666666,0.0,0.0,-6.237834665221838,-6.237571865948835
HKU1,E,42.0,0.0,0.0,1.0,0.0,0.0,0.0,1.0,0.0,0.0,0.0,0.0
HKU1,E,43.0,0.0,0.0,0.8,0.0,0.2,0.0,0.6666666666666666,0.0,0.0,-6.054153365992578,-6.054153365992578
HKU1,E,44.0,0.0,0.0,1.0,0.0,0.0,0.0,1.0,0.0,0.0,0.0,0.0
HKU1,E,45.0,0.0,0.0,1.0,0.0,0.0,0.0,1.0,0.0,0.0,0.0,0.0
HKU1,E,46.0,0.0,0.0,1.0,0.0,0.0,0.0,1.0,0.0,0.0,0.0,0.0
HKU1,E,47.0,1590.921444873384,0.0,0.7689196861941284,0.0,0.2310803138058716,0.0,0.6666666666666666,0.0,0.0,-6.065641762456938,-6.065641701973114
HKU1,E,48.0,0.0,0.0,1.0,0.0,0.0,0.0,1.0,0.0,0.0,0.0,0.0
HKU1,E,49.0,1.504402052757907,0.0,1.0,1.274481152732747,0.0,0.0,0.6666666666666666,0.0,0.0,-7.573063983159058,-7.574026953788185
HKU1,E,50.0,0.0,0.0,1.0,0.0,0.0,0.0,1.0,0.0,0.0,0.0,0.0
HKU1,E,51.0,0.0,0.0,1.0,0.0,0.0,0.0,1.0,0.0,0.0,0.0,0.0
HKU1,E,52.0,0.0,0.0,1.0,0.0,0.0,0.0,1.0,0.0,0.0,0.0,0.0
HKU1,E,53.0,0.0,0.0,1.0,0.0,0.0,0.0,1.0,0.0,0.0,0.0,0.0
HKU1,E,54.0,0.0,0.0,1.0,0.0,0.0,0.0,1.0,0.0,0.0,0.0,0.0
HKU1,E,55.0,3.104038592930734,0.0,1.0,2.692534838790384,0.0,0.0,0.6666666666666666,0.0,0.0,-5.557538471309846,-5.557540477755268
HKU1,E,56.0,1.647300421504479,0.0,1.0,1.500521738750608,0.0,0.0,0.6666666666666666,0.0,0.0,-6.366926810422196,-6.366918477233657
HKU1,E,57.0,1.766528291219116,0.0,1.0,1.084768617297405,0.0,0.0,0.6666666666666666,0.0,0.0,-5.146567862484142,-5.146474188541827
HKU1,E,58.0,0.0,0.0,1.0,0.0,0.0,0.0,1.0,0.0,0.0,0.0,0.0
HKU1,E,59.0,0.0,0.0,1.0,0.0,0.0,0.0,1.0,0.0,0.0,0.0,0.0
HKU1,E,60.0,11.4468413316786,0.0,0.9936234655579408,1.777937860561694,0.006376534442059212,0.0,0.6666666666666666,0.0,0.0,-6.296230170732861,-6.296654203133271
HKU1,E,61.0,0.0,0.0,1.0,0.0,0.0,0.0,1.0,0.0,0.0,0.0,0.0
HKU1,E,62.0,0.0,0.0,1.0,0.0,0.0,0.0,1.0,0.0,0.0,0.0,0.0
HKU1,E,63.0,13.31954471813343,0.0,0.7654223568204664,0.0,0.2345776431795336,0.0,0.6666666666666666,0.0,0.0,-8.644424433387602,-8.646835839917856
HKU1,E,64.0,0.0,0.0,1.0,0.0,0.0,0.0,1.0,0.0,0.0,0.0,0.0
HKU1,E,65.0,0.0,0.0,1.0,0.0,0.0,0.0,1.0,0.0,0.0,0.0,0.0
HKU1,E,66.0,0.0,0.0,1.0,0.0,0.0,0.0,1.0,0.0,0.0,0.0,0.0
HKU1,E,67.0,0.0,0.0,1.0,0.0,0.0,0.0,1.0,0.0,0.0,0.0,0.0
HKU1,E,68.0,0.0,0.0,1.0,0.0,0.0,0.0,1.0,0.0,0.0,0.0,0.0
HKU1,E,69.0,0.0,0.0,1.0,0.0,0.0,0.0,1.0,0.0,0.0,0.0,0.0
HKU1,E,70.0,0.0,0.0,1.0,0.0,0.0,0.0,1.0,0.0,0.0,0.0,0.0
HKU1,E,71.0,0.0,0.0,1.0,0.0,0.0,0.0,1.0,0.0,0.0,0.0,0.0
HKU1,E,72.0,11.10061261489907,0.0,1.0,1.841089647495338,0.0,0.0,0.6666666666666666,0.0,0.0,-7.574340733646381,-7.574459947423294
HKU1,E,73.0,1.672903501711175,0.0,1.0,1.69839828266684,0.0,0.0,0.6666666666666666,0.0,0.0,-5.438291964409471,-5.438276622518032
HKU1,E,74.0,0.0,0.0,1.0,0.0,0.0,0.0,1.0,0.0,0.0,0.0,0.0
HKU1,E,75.0,5.948434966587826,0.0,1.0,4.371936208812257,0.0,0.0,0.6666666666666666,0.0,0.0,-6.114835280859633,-6.114788490835327
HKU1,E,76.0,1.249245929304541,0.0,1.0,0.8879197117999074,0.0,0.0,0.6666666666666666,0.0,0.0,-9.02383352334364,-9.024477483518263
HKU1,E,77.0,0.0,0.0,1.0,0.0,0.0,0.0,1.0,0.0,0.0,0.0,0.0
HKU1,E,78.0,0.0,0.0,0.75,0.0,0.25,0.0,0.6666666666666666,0.0,0.0,-5.103546691736863,-5.103546691736863
HKU1,E,79.0,0.0,0.0,1.0,0.0,0.0,0.0,1.0,0.0,0.0,0.0,0.0
HKU1,E,80.0,0.0,0.0,0.8,0.0,0.2,0.0,0.6666666666666666,0.0,0.0,-5.388095335093364,-5.388095335093362
HKU1,E,81.0,37.49817794494527,0.0,0.7869305681949751,0.0,0.2130694318050249,0.0,0.6666666666666666,0.0,0.0,-6.784809023321799,-6.766308679610906
HKU1,E,82.0,1.350292484659313,0.0,1.0,1.151143274761073,0.0,0.0,0.6666666666666666,0.0,0.0,-5.333476753047182,-5.333499212305003
HKU1,E,83.0,0.0,0.0,1.0,0.0,0.0,0.0,1.0,0.0,0.0,0.0,0.0
NL63,E,1.0,0.0,0.0,1.0,0.0,0.0,0.0,1.0,0.0,0.0,0.0,0.0
NL63,E,2.0,0.0,0.0,1.0,0.0,0.0,0.0,1.0,0.0,0.0,0.0,0.0
NL63,E,3.0,0.0,0.0,1.0,0.0,0.0,0.0,1.0,0.0,0.0,0.0,0.0
NL63,E,4.0,0.0,0.0,1.0,0.0,0.0,0.0,1.0,0.0,0.0,0.0,0.0
NL63,E,5.0,0.0,0.0,1.0,0.0,0.0,0.0,1.0,0.0,0.0,0.0,0.0
NL63,E,6.0,0.0,0.0,1.0,0.0,0.0,0.0,1.0,0.0,0.0,0.0,0.0
NL63,E,7.0,0.0,0.0,1.0,0.0,0.0,0.0,1.0,0.0,0.0,0.0,0.0
NL63,E,8.0,0.0,0.0,1.0,0.0,0.0,0.0,1.0,0.0,0.0,0.0,0.0
NL63,E,9.0,0.0,0.0,1.0,0.0,0.0,0.0,1.0,0.0,0.0,0.0,0.0
NL63,E,10.0,8.486844733963979,0.0,1.0,2.737430397041319,0.0,0.0,0.6666666666666666,0.0,0.0,-10.46454591112044,-10.46293736313934
NL63,E,11.0,0.0,0.0,1.0,0.0,0.0,0.0,1.0,0.0,0.0,0.0,0.0
NL63,E,12.0,0.0,0.0,1.0,0.0,0.0,0.0,1.0,0.0,0.0,0.0,0.0
NL63,E,13.0,0.0,0.0,1.0,0.0,0.0,0.0,1.0,0.0,0.0,0.0,0.0
NL63,E,14.0,0.0,0.0,1.0,0.0,0.0,0.0,1.0,0.0,0.0,0.0,0.0
NL63,E,15.0,9.762267719667921,0.0,1.0,2.188489905795443,0.0,0.0,0.6666666666666666,0.0,0.0,-8.602393453079193,-8.60231647257589
NL63,E,16.0,0.0,0.0,1.0,0.0,0.0,0.0,1.0,0.0,0.0,0.0,0.0
NL63,E,17.0,0.0,0.0,1.0,0.0,0.0,0.0,1.0,0.0,0.0,0.0,0.0
NL63,E,18.0,0.0,0.0,1.0,0.0,0.0,0.0,1.0,0.0,0.0,0.0,0.0
NL63,E,19.0,0.0,0.0,1.0,0.0,0.0,0.0,1.0,0.0,0.0,0.0,0.0
NL63,E,20.0,0.0,0.0,1.0,0.0,0.0,0.0,1.0,0.0,0.0,0.0,0.0
NL63,E,21.0,0.0,0.0,1.0,0.0,0.0,0.0,1.0,0.0,0.0,0.0,0.0
NL63,E,22.0,0.0,0.0,1.0,0.0,0.0,0.0,1.0,0.0,0.0,0.0,0.0
NL63,E,23.0,0.0,0.0,1.0,0.0,0.0,0.0,1.0,0.0,0.0,0.0,0.0
NL63,E,24.0,0.0,0.0,1.0,0.0,0.0,0.0,1.0,0.0,0.0,0.0,0.0
NL63,E,25.0,0.0,0.0,1.0,0.0,0.0,0.0,1.0,0.0,0.0,0.0,0.0
NL63,E,26.0,0.0,0.0,1.0,0.0,0.0,0.0,1.0,0.0,0.0,0.0,0.0
NL63,E,27.0,0.0,0.0,1.0,0.0,0.0,0.0,1.0,0.0,0.0,0.0,0.0
NL63,E,28.0,0.0,0.0,1.0,0.0,0.0,0.0,1.0,0.0,0.0,0.0,0.0
NL63,E,29.0,19.55907994664189,0.0,1.0,0.0,0.0,0.0,0.6666666666666666,0.0,0.0,-8.112475788078303,-7.999615127207009
NL63,E,30.0,0.0,0.0,1.0,0.0,0.0,0.0,1.0,0.0,0.0,0.0,0.0
NL63,E,31.0,3.860763307364004,0.0,1.0,1.876344900290164,0.0,0.0,0.6666666666666666,0.0,0.0,-8.311517570973892,-8.311620593888607
NL63,E,32.0,0.0,0.0,1.0,0.0,0.0,0.0,1.0,0.0,0.0,0.0,0.0
NL63,E,33.0,0.0,0.0,1.0,0.0,0.0,0.0,1.0,0.0,0.0,0.0,0.0
NL63,E,34.0,0.0,0.0,1.0,0.0,0.0,0.0,1.0,0.0,0.0,0.0,0.0
NL63,E,35.0,0.0,0.0,1.0,0.0,0.0,0.0,1.0,0.0,0.0,0.0,0.0
NL63,E,36.0,0.0,0.0,1.0,0.0,0.0,0.0,1.0,0.0,0.0,0.0,0.0
NL63,E,37.0,0.0,0.0,1.0,0.0,0.0,0.0,1.0,0.0,0.0,0.0,0.0
NL63,E,38.0,0.0,0.0,1.0,0.0,0.0,0.0,1.0,0.0,0.0,0.0,0.0
NL63,E,39.0,0.0,0.0,1.0,0.0,0.0,0.0,1.0,0.0,0.0,0.0,0.0
NL63,E,40.0,0.0,0.0,1.0,0.0,0.0,0.0,1.0,0.0,0.0,0.0,0.0
NL63,E,41.0,0.0,0.0,1.0,0.0,0.0,0.0,1.0,0.0,0.0,0.0,0.0
NL63,E,42.0,0.0,0.0,1.0,0.0,0.0,0.0,1.0,0.0,0.0,0.0,0.0
NL63,E,43.0,0.0,0.0,1.0,0.0,0.0,0.0,1.0,0.0,0.0,0.0,0.0
NL63,E,44.0,0.0,0.0,1.0,0.0,0.0,0.0,1.0,0.0,0.0,0.0,0.0
NL63,E,45.0,0.0,0.0,1.0,0.0,0.0,0.0,1.0,0.0,0.0,0.0,0.0
NL63,E,46.0,0.0,0.0,1.0,0.0,0.0,0.0,1.0,0.0,0.0,0.0,0.0
NL63,E,47.0,0.0,0.0,1.0,0.0,0.0,0.0,1.0,0.0,0.0,0.0,0.0
NL63,E,48.0,0.0,0.0,1.0,0.0,0.0,0.0,1.0,0.0,0.0,0.0,0.0
NL63,E,49.0,0.0,0.0,1.0,0.0,0.0,0.0,1.0,0.0,0.0,0.0,0.0
NL63,E,50.0,0.0,0.0,1.0,0.0,0.0,0.0,1.0,0.0,0.0,0.0,0.0
NL63,E,51.0,0.0,0.0,1.0,0.0,0.0,0.0,1.0,0.0,0.0,0.0,0.0
NL63,E,52.0,0.0,0.0,1.0,0.0,0.0,0.0,1.0,0.0,0.0,0.0,0.0
NL63,E,53.0,0.0,0.0,1.0,0.0,0.0,0.0,1.0,0.0,0.0,0.0,0.0
NL63,E,54.0,0.0,0.0,1.0,0.0,0.0,0.0,1.0,0.0,0.0,0.0,0.0
NL63,E,55.0,0.0,0.0,1.0,0.0,0.0,0.0,1.0,0.0,0.0,0.0,0.0
NL63,E,56.0,0.0,0.0,1.0,0.0,0.0,0.0,1.0,0.0,0.0,0.0,0.0
NL63,E,57.0,0.0,0.0,1.0,0.0,0.0,0.0,1.0,0.0,0.0,0.0,0.0
NL63,E,58.0,0.0,0.0,1.0,0.0,0.0,0.0,1.0,0.0,0.0,0.0,0.0
NL63,E,59.0,0.0,0.0,1.0,0.0,0.0,0.0,1.0,0.0,0.0,0.0,0.0
NL63,E,60.0,0.0,0.0,1.0,0.0,0.0,0.0,1.0,0.0,0.0,0.0,0.0
NL63,E,61.0,0.0,0.0,1.0,0.0,0.0,0.0,1.0,0.0,0.0,0.0,0.0
NL63,E,62.0,0.0,0.0,1.0,0.0,0.0,0.0,1.0,0.0,0.0,0.0,0.0
NL63,E,63.0,9.480044166663495,0.0,1.0,2.541678912349012,0.0,0.0,0.6666666666666666,0.0,0.0,-6.419783756849001,-6.420386571823737
NL63,E,64.0,0.0,0.0,1.0,0.0,0.0,0.0,1.0,0.0,0.0,0.0,0.0
NL63,E,65.0,0.0,0.0,1.0,0.0,0.0,0.0,1.0,0.0,0.0,0.0,0.0
NL63,E,66.0,0.0,0.0,1.0,0.0,0.0,0.0,1.0,0.0,0.0,0.0,0.0
NL63,E,67.0,0.0,0.0,1.0,0.0,0.0,0.0,1.0,0.0,0.0,0.0,0.0
NL63,E,68.0,0.0,0.0,1.0,0.0,0.0,0.0,1.0,0.0,0.0,0.0,0.0
NL63,E,69.0,0.0,0.0,1.0,0.0,0.0,0.0,1.0,0.0,0.0,0.0,0.0
NL63,E,70.0,0.0,0.0,1.0,0.0,0.0,0.0,1.0,0.0,0.0,0.0,0.0
NL63,E,71.0,0.0,0.0,1.0,0.0,0.0,0.0,1.0,0.0,0.0,0.0,0.0
NL63,E,72.0,0.0,0.0,1.0,0.0,0.0,0.0,1.0,0.0,0.0,0.0,0.0
NL63,E,73.0,0.0,0.0,1.0,0.0,0.0,0.0,1.0,0.0,0.0,0.0,0.0
NL63,E,74.0,0.0,0.0,1.0,0.0,0.0,0.0,1.0,0.0,0.0,0.0,0.0
NL63,E,75.0,5.390140457430933,0.0,1.0,1.504126046175563,0.0,0.0,0.6666666666666666,0.0,0.0,-6.559345211693195,-6.55935975769706
NL63,E,76.0,0.0,0.0,1.0,0.0,0.0,0.0,1.0,0.0,0.0,0.0,0.0
NL63,E,77.0,0.0,0.0,1.0,0.0,0.0,0.0,1.0,0.0,0.0,0.0,0.0
NL63,E,78.0,0.0,0.0,1.0,0.0,0.0,0.0,1.0,0.0,0.0,0.0,0.0
OC43,E,1.0,0.0,0.0,1.0,0.0,0.0,0.0,1.0,0.0,0.0,0.0,0.0
OC43,E,2.0,0.0,0.0,1.0,0.0,0.0,0.0,1.0,0.0,0.0,0.0,0.0
OC43,E,3.0,0.0,0.0,1.0,0.0,0.0,0.0,1.0,0.0,0.0,0.0,0.0
OC43,E,4.0,0.0,0.0,1.0,0.0,0.0,0.0,1.0,0.0,0.0,0.0,0.0
OC43,E,5.0,0.0,0.0,1.0,0.0,0.0,0.0,1.0,0.0,0.0,0.0,0.0
OC43,E,6.0,0.0,0.0,1.0,0.0,0.0,0.0,1.0,0.0,0.0,0.0,0.0
OC43,E,7.0,0.0,0.0,1.0,0.0,0.0,0.0,1.0,0.0,0.0,0.0,0.0
OC43,E,8.0,0.0,0.0,1.0,0.329801877766244,0.0,0.0,0.6666666666666666,0.0,0.0,-6.490372914694422,-6.448499207958124
OC43,E,9.0,0.0,0.0,1.0,0.0,0.0,0.0,1.0,0.0,0.0,0.0,0.0
OC43,E,10.0,0.0,0.0,0.8,0.0,0.2,0.0,0.6666666666666666,0.0,0.0,-9.507133509312855,-9.507133509312855
OC43,E,11.0,0.0,0.0,1.0,0.0,0.0,0.0,1.0,0.0,0.0,0.0,0.0
OC43,E,12.0,0.0,0.0,1.0,0.0,0.0,0.0,1.0,0.0,0.0,0.0,0.0
OC43,E,13.0,0.0,0.0,1.0,0.0,0.0,0.0,1.0,0.0,0.0,0.0,0.0
OC43,E,14.0,0.0,0.0,1.0,0.0,0.0,0.0,1.0,0.0,0.0,0.0,0.0
OC43,E,15.0,0.0,0.0,1.0,0.0,0.0,0.0,1.0,0.0,0.0,0.0,0.0
OC43,E,16.0,0.0,0.0,1.0,0.0,0.0,0.0,1.0,0.0,0.0,0.0,0.0
OC43,E,17.0,0.0,0.0,1.0,0.0,0.0,0.0,1.0,0.0,0.0,0.0,0.0
OC43,E,18.0,0.0,0.0,1.0,0.0,0.0,0.0,1.0,0.0,0.0,0.0,0.0
OC43,E,19.0,0.0,0.0,1.0,0.0,0.0,0.0,1.0,0.0,0.0,0.0,0.0
OC43,E,20.0,0.0,0.0,1.0,0.0,0.0,0.0,1.0,0.0,0.0,0.0,0.0
OC43,E,21.0,0.0,0.0,1.0,0.0,0.0,0.0,1.0,0.0,0.0,0.0,0.0
OC43,E,22.0,0.0,0.0,1.0,0.0,0.0,0.0,1.0,0.0,0.0,0.0,0.0
OC43,E,23.0,0.0,0.0,1.0,0.0,0.0,0.0,1.0,0.0,0.0,0.0,0.0
OC43,E,24.0,0.0,0.0,1.0,0.0,0.0,0.0,1.0,0.0,0.0,0.0,0.0
OC43,E,25.0,0.0,0.0,1.0,0.0,0.0,0.0,1.0,0.0,0.0,0.0,0.0
OC43,E,26.0,0.0,0.0,1.0,0.0,0.0,0.0,1.0,0.0,0.0,0.0,0.0
OC43,E,27.0,8.413179082730954,0.0,1.0,6.03122249256969,0.0,0.0,0.6666666666666666,0.0,0.0,-7.441299181627712,-7.375918501009804
OC43,E,28.0,0.0,0.0,1.0,0.0,0.0,0.0,1.0,0.0,0.0,0.0,0.0
OC43,E,29.0,0.0,0.0,0.8,0.0,0.2,0.0,0.6666666666666666,0.0,0.0,-7.408891023276429,-7.408891023276429
OC43,E,30.0,0.0,0.0,1.0,0.0,0.0,0.0,1.0,0.0,0.0,0.0,0.0
OC43,E,31.0,0.0,0.0,1.0,0.0,0.0,0.0,1.0,0.0,0.0,0.0,0.0
OC43,E,32.0,0.0,0.0,0.75,0.0,0.25,0.0,0.6666666666666666,0.0,0.0,-8.425769761573946,-8.425769761573946
OC43,E,33.0,0.0,0.0,1.0,0.0,0.0,0.0,1.0,0.0,0.0,0.0,0.0
OC43,E,34.0,10.9051247976441,0.0,1.0,2.255013381953767,0.0,0.0,0.6666666666666666,0.0,0.0,-8.148999959997788,-8.148932082227946
OC43,E,35.0,0.0,0.0,1.0,0.0,0.0,0.0,1.0,0.0,0.0,0.0,0.0
OC43,E,36.0,0.0,0.0,1.0,0.0,0.0,0.0,1.0,0.0,0.0,0.0,0.0
OC43,E,37.0,0.0,0.0,1.0,0.0,0.0,0.0,1.0,0.0,0.0,0.0,0.0
OC43,E,38.0,0.0,0.0,1.0,0.0,0.0,0.0,1.0,0.0,0.0,0.0,0.0
OC43,E,39.0,0.0,0.0,1.0,0.0,0.0,0.0,1.0,0.0,0.0,0.0,0.0
OC43,E,40.0,0.0,0.0,1.0,0.0,0.0,0.0,1.0,0.0,0.0,0.0,0.0
OC43,E,41.0,0.0,0.0,1.0,0.0,0.0,0.0,1.0,0.0,0.0,0.0,0.0
OC43,E,42.0,0.0,0.0,1.0,0.0,0.0,0.0,1.0,0.0,0.0,0.0,0.0
OC43,E,43.0,0.0,0.0,1.0,0.0,0.0,0.0,1.0,0.0,0.0,0.0,0.0
OC43,E,44.0,0.0,0.0,1.0,0.0,0.0,0.0,1.0,0.0,0.0,0.0,0.0
OC43,E,45.0,0.0,0.0,1.0,0.0,0.0,0.0,1.0,0.0,0.0,0.0,0.0
OC43,E,46.0,0.0,0.0,1.0,0.0,0.0,0.0,1.0,0.0,0.0,0.0,0.0
OC43,E,47.0,0.0,0.0,1.0,0.0,0.0,0.0,1.0,0.0,0.0,0.0,0.0
OC43,E,48.0,1.422319177312635,0.0,1.0,0.9413251954392995,0.0,0.0,0.6666666666666666,0.0,0.0,-8.293945425777947,-8.294013101096514
OC43,E,49.0,0.0,0.0,1.0,0.0,0.0,0.0,1.0,0.0,0.0,0.0,0.0
OC43,E,50.0,0.0,0.0,1.0,0.0,0.0,0.0,1.0,0.0,0.0,0.0,0.0
OC43,E,51.0,0.0,0.0,1.0,0.0,0.0,0.0,1.0,0.0,0.0,0.0,0.0
OC43,E,52.0,0.0,0.0,1.0,0.0,0.0,0.0,1.0,0.0,0.0,0.0,0.0
OC43,E,53.0,0.0,0.0,1.0,0.0,0.0,0.0,1.0,0.0,0.0,0.0,0.0
OC43,E,54.0,0.0,0.0,1.0,0.0,0.0,0.0,1.0,0.0,0.0,0.0,0.0
OC43,E,55.0,0.0,0.0,1.0,0.0,0.0,0.0,1.0,0.0,0.0,0.0,0.0
OC43,E,56.0,0.0,0.0,1.0,0.0,0.0,0.0,1.0,0.0,0.0,0.0,0.0
OC43,E,57.0,0.0,0.0,1.0,0.0,0.0,0.0,1.0,0.0,0.0,0.0,0.0
OC43,E,58.0,20.94548961429689,0.0,0.8929024074229167,0.0,0.1070975925770833,0.0,0.6666666666666666,0.0,0.0,-7.178363077621231,-7.096920957184841
OC43,E,59.0,0.0,0.0,1.0,0.0,0.0,0.0,1.0,0.0,0.0,0.0,0.0
OC43,E,60.0,0.0,0.0,1.0,0.0,0.0,0.0,1.0,0.0,0.0,0.0,0.0
OC43,E,61.0,0.0,0.0,1.0,0.0,0.0,0.0,1.0,0.0,0.0,0.0,0.0
OC43,E,62.0,0.0,0.0,1.0,0.0,0.0,0.0,1.0,0.0,0.0,0.0,0.0
OC43,E,63.0,0.0,0.0,1.0,0.0,0.0,0.0,1.0,0.0,0.0,0.0,0.0
OC43,E,64.0,0.0,0.0,1.0,0.0,0.0,0.0,1.0,0.0,0.0,0.0,0.0
OC43,E,65.0,0.0,0.0,1.0,0.0,0.0,0.0,1.0,0.0,0.0,0.0,0.0
OC43,E,66.0,0.0,0.0,1.0,0.0,0.0,0.0,1.0,0.0,0.0,0.0,0.0
OC43,E,67.0,0.0,0.0,1.0,0.0,0.0,0.0,1.0,0.0,0.0,0.0,0.0
OC43,E,68.0,0.0,0.0,1.0,0.0,0.0,0.0,1.0,0.0,0.0,0.0,0.0
OC43,E,69.0,0.0,0.0,1.0,0.0,0.0,0.0,1.0,0.0,0.0,0.0,0.0
OC43,E,70.0,0.0,0.0,1.0,0.0,0.0,0.0,1.0,0.0,0.0,0.0,0.0
OC43,E,71.0,0.0,0.0,1.0,0.0,0.0,0.0,1.0,0.0,0.0,0.0,0.0
OC43,E,72.0,0.0,0.0,1.0,0.0,0.0,0.0,1.0,0.0,0.0,0.0,0.0
OC43,E,73.0,0.0,0.0,1.0,0.0,0.0,0.0,1.0,0.0,0.0,0.0,0.0
OC43,E,74.0,0.0,0.0,1e-08,14.85019247282148,0.99999999,1.35534083228702,0.2594967881029363,1.0,0.0,-10.72976890195517,-10.72976759268181
OC43,E,75.0,0.0,0.0,1.0,0.0,0.0,0.0,1.0,0.0,0.0,0.0,0.0
OC43,E,76.0,0.0,0.0,1.0,0.0,0.0,0.0,1.0,0.0,0.0,0.0,0.0
OC43,E,77.0,0.0,0.0,1.0,0.0,0.0,0.0,1.0,0.0,0.0,0.0,0.0
OC43,E,78.0,17.64492383111241,0.0,1.0,0.0,0.0,0.0,0.6666666666666666,0.0,0.0,-8.697968187116219,-8.619340837645263
OC43,E,79.0,0.0,0.0,1.0,0.0,0.0,0.0,1.0,0.0,0.0,0.0,0.0
OC43,E,80.0,0.0,0.0,1.0,0.0,0.0,0.0,1.0,0.0,0.0,0.0,0.0
OC43,E,81.0,0.0,0.0,1.0,0.0,0.0,0.0,1.0,0.0,0.0,0.0,0.0
OC43,E,82.0,0.0,0.0,1.0,0.0,0.0,0.0,1.0,0.0,0.0,0.0,0.0
OC43,E,83.0,0.0,0.0,1.0,0.0,0.0,0.0,1.0,0.0,0.0,0.0,0.0
OC43,E,84.0,35.83105768650683,19.65024573288684,0.7886609577442505,20.91468179409637,0.2113390422557495,0.0,0.6666666666666666,0.0,0.0,-11.8698763657339,-11.87079228092396
OC43,E,85.0,0.0,0.0,0.8,0.0,0.2,0.0,0.6666666666666666,0.0,0.0,-3.4008696456927,-3.4008696456927
MERS,E,1.0,0.0,0.0,1.0,0.0,0.0,0.0,1.0,0.0,0.0,0.0,0.0
MERS,E,2.0,0.0,0.0,1.0,0.0,0.0,0.0,1.0,0.0,0.0,0.0,0.0
MERS,E,3.0,0.0,0.0,1.0,0.0,0.0,0.0,1.0,0.0,0.0,0.0,0.0
MERS,E,4.0,0.0,0.0,1.0,0.0,0.0,0.0,1.0,0.0,0.0,0.0,0.0
MERS,E,5.0,0.0,0.0,1.0,0.0,0.0,0.0,1.0,0.0,0.0,0.0,0.0
MERS,E,6.0,0.0,0.0,1.0,0.0,0.0,0.0,1.0,0.0,0.0,0.0,0.0
MERS,E,7.0,0.0,0.0,1.0,0.0,0.0,0.0,1.0,0.0,0.0,0.0,0.0
MERS,E,8.0,0.0,0.0,1.0,0.0,0.0,0.0,1.0,0.0,0.0,0.0,0.0
MERS,E,9.0,0.0,0.0,1.0,0.0,0.0,0.0,1.0,0.0,0.0,0.0,0.0
MERS,E,10.0,0.0,0.0,1.0,0.0,0.0,0.0,1.0,0.0,0.0,0.0,0.0
MERS,E,11.0,0.0,0.0,1.0,0.0,0.0,0.0,1.0,0.0,0.0,0.0,0.0
MERS,E,12.0,0.0,0.0,1.0,0.0,0.0,0.0,1.0,0.0,0.0,0.0,0.0
MERS,E,13.0,0.0,0.0,1.0,0.0,0.0,0.0,1.0,0.0,0.0,0.0,0.0
MERS,E,14.0,0.0,0.0,1.0,0.0,0.0,0.0,1.0,0.0,0.0,0.0,0.0
MERS,E,15.0,0.0,0.0,1.0,0.0,0.0,0.0,1.0,0.0,0.0,0.0,0.0
MERS,E,16.0,0.0,0.0,1.0,0.0,0.0,0.0,1.0,0.0,0.0,0.0,0.0
MERS,E,17.0,0.0,0.0,1.0,0.0,0.0,0.0,1.0,0.0,0.0,0.0,0.0
MERS,E,18.0,0.0,0.0,1.0,0.0,0.0,0.0,1.0,0.0,0.0,0.0,0.0
MERS,E,19.0,0.0,0.0,1.0,0.0,0.0,0.0,1.0,0.0,0.0,0.0,0.0
MERS,E,20.0,0.0,0.0,1.0,0.0,0.0,0.0,1.0,0.0,0.0,0.0,0.0
MERS,E,21.0,0.0,0.0,1.0,0.0,0.0,0.0,1.0,0.0,0.0,0.0,0.0
MERS,E,22.0,0.0,0.0,1.0,0.0,0.0,0.0,1.0,0.0,0.0,0.0,0.0
MERS,E,23.0,0.0,0.0,1.0,0.0,0.0,0.0,1.0,0.0,0.0,0.0,0.0
MERS,E,24.0,0.0,0.0,1.0,0.0,0.0,0.0,1.0,0.0,0.0,0.0,0.0
MERS,E,25.0,0.0,0.0,1.0,0.0,0.0,0.0,1.0,0.0,0.0,0.0,0.0
MERS,E,26.0,0.0,0.0,1.0,0.0,0.0,0.0,1.0,0.0,0.0,0.0,0.0
MERS,E,27.0,12.69899665551839,0.9999999999999998,0.75,19.04849498327759,0.25,0.0,0.6666666666666666,0.0,0.0,-6.914041663518256,-6.914041663518256
MERS,E,28.0,0.0,0.0,1.0,0.0,0.0,0.0,1.0,0.0,0.0,0.0,0.0
MERS,E,29.0,0.0,0.0,1.0,0.0,0.0,0.0,1.0,0.0,0.0,0.0,0.0
MERS,E,30.0,0.0,0.0,1.0,0.0,0.0,0.0,1.0,0.0,0.0,0.0,0.0
MERS,E,31.0,0.0,0.0,1.0,0.0,0.0,0.0,1.0,0.0,0.0,0.0,0.0
MERS,E,32.0,0.0,0.0,0.25,1.0,0.75,0.0,0.6666666666666666,0.0,0.0,-4.168808504586513,-4.168808504586513
MERS,E,33.0,0.0,0.0,1.0,0.0,0.0,0.0,1.0,0.0,0.0,0.0,0.0
MERS,E,34.0,0.0,0.0,1.0,0.0,0.0,0.0,1.0,0.0,0.0,0.0,0.0
MERS,E,35.0,0.0,0.0,1.0,0.0,0.0,0.0,1.0,0.0,0.0,0.0,0.0
MERS,E,36.0,0.0,0.0,1.0,0.0,0.0,0.0,1.0,0.0,0.0,0.0,0.0
MERS,E,37.0,0.0,0.0,1.0,0.0,0.0,0.0,1.0,0.0,0.0,0.0,0.0
MERS,E,38.0,0.0,0.0,1.0,0.0,0.0,0.0,1.0,0.0,0.0,0.0,0.0
MERS,E,39.0,0.0,0.0,1.0,0.0,0.0,0.0,1.0,0.0,0.0,0.0,0.0
MERS,E,40.0,0.0,0.0,1.0,0.0,0.0,0.0,1.0,0.0,0.0,0.0,0.0
MERS,E,41.0,0.0,0.0,1.0,0.0,0.0,0.0,1.0,0.0,0.0,0.0,0.0
MERS,E,42.0,0.0,0.0,1.0,0.0,0.0,0.0,1.0,0.0,0.0,0.0,0.0
MERS,E,43.0,0.0,0.0,1.0,0.0,0.0,0.0,1.0,0.0,0.0,0.0,0.0
MERS,E,44.0,0.0,0.0,1.0,0.0,0.0,0.0,1.0,0.0,0.0,0.0,0.0
MERS,E,45.0,0.0,0.0,1.0,0.0,0.0,0.0,1.0,0.0,0.0,0.0,0.0
MERS,E,46.0,0.0,0.0,1.0,0.0,0.0,0.0,1.0,0.0,0.0,0.0,0.0
MERS,E,47.0,12.91304347826089,1.0,0.75,19.36956521739133,0.25,0.0,0.6666666666666666,0.0,0.0,-6.28252308324384,-6.28252308324384
MERS,E,48.0,0.0,0.0,1.0,0.0,0.0,0.0,1.0,0.0,0.0,0.0,0.0
MERS,E,49.0,0.0,0.0,1.0,0.0,0.0,0.0,1.0,0.0,0.0,0.0,0.0
MERS,E,50.0,0.0,0.0,1.0,0.0,0.0,0.0,1.0,0.0,0.0,0.0,0.0
MERS,E,51.0,0.0,0.0,1.0,0.0,0.0,0.0,1.0,0.0,0.0,0.0,0.0
MERS,E,52.0,0.0,0.0,1.0,0.0,0.0,0.0,1.0,0.0,0.0,0.0,0.0
MERS,E,53.0,0.0,0.0,1.0,0.0,0.0,0.0,1.0,0.0,0.0,0.0,0.0
MERS,E,54.0,0.0,0.0,1.0,0.0,0.0,0.0,1.0,0.0,0.0,0.0,0.0
MERS,E,55.0,0.0,0.0,1.0,0.0,0.0,0.0,1.0,0.0,0.0,0.0,0.0
MERS,E,56.0,0.0,0.0,1.0,0.0,0.0,0.0,1.0,0.0,0.0,0.0,0.0
MERS,E,57.0,0.0,0.0,1.0,0.0,0.0,0.0,1.0,0.0,0.0,0.0,0.0
MERS,E,58.0,0.0,0.0,1.0,0.0,0.0,0.0,1.0,0.0,0.0,0.0,0.0
MERS,E,59.0,0.0,0.0,1.0,0.0,0.0,0.0,1.0,0.0,0.0,0.0,0.0
MERS,E,60.0,0.0,0.0,1.0,0.0,0.0,0.0,1.0,0.0,0.0,0.0,0.0
MERS,E,61.0,0.0,0.0,1.0,0.0,0.0,0.0,1.0,0.0,0.0,0.0,0.0
MERS,E,62.0,0.0,0.0,1.0,0.0,0.0,0.0,1.0,0.0,0.0,0.0,0.0
MERS,E,63.0,0.0,0.0,1.0,0.0,0.0,0.0,1.0,0.0,0.0,0.0,0.0
MERS,E,64.0,0.0,0.0,1.0,0.0,0.0,0.0,1.0,0.0,0.0,0.0,0.0
MERS,E,65.0,0.0,0.0,1.0,0.0,0.0,0.0,1.0,0.0,0.0,0.0,0.0
MERS,E,66.0,0.0,0.0,1.0,0.0,0.0,0.0,1.0,0.0,0.0,0.0,0.0
MERS,E,67.0,0.0,0.0,1.0,0.0,0.0,0.0,1.0,0.0,0.0,0.0,0.0
MERS,E,68.0,0.0,0.0,1.0,0.0,0.0,0.0,1.0,0.0,0.0,0.0,0.0
MERS,E,69.0,12.91304347826089,1.0,0.75,19.36956521739133,0.25,0.0,0.6666666666666666,0.0,0.0,-6.282523084000025,-6.282523084000025
MERS,E,70.0,0.0,0.0,1.0,0.0,0.0,0.0,1.0,0.0,0.0,0.0,0.0
MERS,E,71.0,0.0,0.0,1.0,0.0,0.0,0.0,1.0,0.0,0.0,0.0,0.0
MERS,E,72.0,0.0,0.0,1.0,0.0,0.0,0.0,1.0,0.0,0.0,0.0,0.0
MERS,E,73.0,0.0,0.0,1.0,0.0,0.0,0.0,1.0,0.0,0.0,0.0,0.0
MERS,E,74.0,0.0,0.0,1.0,0.0,0.0,0.0,1.0,0.0,0.0,0.0,0.0
MERS,E,75.0,0.0,0.0,1.0,0.0,0.0,0.0,1.0,0.0,0.0,0.0,0.0
MERS,E,76.0,0.0,0.0,1.0,0.0,0.0,0.0,1.0,0.0,0.0,0.0,0.0
MERS,E,77.0,0.0,0.0,1.0,0.0,0.0,0.0,1.0,0.0,0.0,0.0,0.0
MERS,E,78.0,0.0,0.0,0.25,1.0,0.75,0.0,0.6666666666666666,0.0,0.0,-8.01105781135014,-8.007411892154956
MERS,E,79.0,12.73344509639568,0.9999999999999998,0.75,19.10016764459353,0.25,0.0,0.6666666666666666,0.0,0.0,-7.241039668036784,-7.241039668036784
MERS,E,80.0,0.0,0.0,1.0,0.0,0.0,0.0,1.0,0.0,0.0,0.0,0.0
MERS,E,81.0,0.0,0.0,1.0,0.0,0.0,0.0,1.0,0.0,0.0,0.0,0.0
MERS,E,82.0,0.0,0.0,0.25,1.0,0.75,0.0,0.6666666666666666,0.0,0.0,-7.433276400745295,-7.433276400745295
MERS,E,83.0,0.0,0.0,1.0,0.0,0.0,0.0,1.0,0.0,0.0,0.0,0.0
SARS2,E,1.0,0.0,0.0,1.0,0.0,0.0,0.0,1.0,0.0,0.0,0.0,0.0
SARS2,E,2.0,0.0,0.0,1.0,0.0,0.0,0.0,1.0,0.0,0.0,0.0,0.0
SARS2,E,3.0,0.0,0.0,1.0,0.0,0.0,0.0,1.0,0.0,0.0,0.0,0.0
SARS2,E,4.0,1.951328298162597,0.0,0.8,2.926992447243896,0.2,-0.003608926961288006,0.6666666666666666,0.0,0.0,-8.559956733002561,-8.5635666273973
SARS2,E,5.0,0.0,0.0,0.01,195.5516929192609,0.99,8.125911807400335,0.007615083884704443,1.0,0.0,-22.76557418089689,-22.76578726409346
SARS2,E,6.0,2.71186929147703,0.0,1.0,1.238477253924272,0.0,0.0,0.6666666666666666,0.0,0.0,-10.45742512567259,-10.45741544099254
SARS2,E,7.0,0.0,0.0,0.8,0.0,0.2,0.0,0.6666666666666666,0.0,0.0,-12.47759239216948,-12.47759239216948
SARS2,E,8.0,0.0,0.0,0.8500000000000001,0.9556857752271295,0.1499999999999999,-0.001304394030341882,0.6666666666666666,0.0,0.0,-15.3240829747749,-15.32038657496251
SARS2,E,9.0,0.0,0.0,1e-08,152.9958831507988,0.99999999,6.439320967819825,0.01800380202082474,1.0,0.0,-8.478753236196823,-8.478779284048347
SARS2,E,10.0,0.0,0.0,1.0,0.0,0.0,0.0,1.0,0.0,0.0,0.0,0.0
SARS2,E,11.0,0.0,0.0,0.8,0.0,0.2,0.0,0.6666666666666666,0.0,0.0,-4.814027530741998,-4.814027530741998
SARS2,E,12.0,0.0,0.0,1.0,0.0,0.0,0.0,1.0,0.0,0.0,0.0,0.0
SARS2,E,13.0,0.0,0.0,1.0,0.0,0.0,0.0,1.0,0.0,0.0,0.0,0.0
SARS2,E,14.0,0.0,0.0,0.8,0.0,0.2,0.0,0.6666666666666666,0.0,0.0,-2.866525155312414,-2.866525155312414
SARS2,E,15.0,0.0,0.0,1.0,0.0,0.0,0.0,1.0,0.0,0.0,0.0,0.0
SARS2,E,16.0,1.976834270256981,0.0,0.9642223730354802,1.281206011076801,0.0357776269645198,0.0,0.6666666666666666,0.0,0.0,-10.15208444580876,-10.15232666907787
SARS2,E,17.0,0.0,0.0,0.75,0.0,0.25,0.0,0.6666666666666666,0.0,0.0,-3.576980028577565,-3.576980028577565
SARS2,E,18.0,0.0,0.0,0.8,0.0,0.2,0.0,0.6666666666666666,0.0,0.0,-3.200161725544596,-3.200161725544596
SARS2,E,19.0,3.327936862347284,0.1360555229657001,1e-08,166.0974013659788,0.99999999,5.101913271130435,0.03577240924275404,1.0,0.0,-19.34932087218927,-19.34922557919588
SARS2,E,20.0,0.0,0.0,0.8,0.0,0.2,0.0,0.6666666666666666,0.0,0.0,-8.919674895680915,-8.919674895680915
SARS2,E,21.0,0.0,0.0,0.8,0.0,0.2,0.0,0.6666666666666666,0.0,0.0,-8.840612600282089,-8.840612600282089
SARS2,E,22.0,0.0,0.0,1.0,0.0,0.0,0.0,1.0,0.0,0.0,0.0,0.0
SARS2,E,23.0,1.951328298162597,0.0,0.8,2.926992447243896,0.2,-0.003608926961288006,0.6666666666666666,0.0,0.0,-8.560104908292173,-8.563714802686913
SARS2,E,24.0,0.0,0.0,0.8,0.0,0.2,0.0,0.6666666666666666,0.0,0.0,-3.849739691564748,-3.849739691564748
SARS2,E,25.0,6.096919870149117,0.09002342211843757,0.9887460319577528,2.386260488002438,0.01125396804224721,0.0,0.6666666666666666,0.0,0.0,-8.935985312737413,-8.932612614036378
SARS2,E,26.0,2.003375157135318,0.3814797398606479,0.8132105681836641,2.333218916348843,0.1867894318163359,-0.001760146684798514,0.6666666666666666,0.0,0.0,-14.6751211195107,-14.6771990924127
SARS2,E,27.0,0.0,0.0,1.0,0.0,0.0,0.0,1.0,0.0,0.0,0.0,0.0
SARS2,E,28.0,1.993590983776349,0.3176130943429049,0.8,2.990386475664524,0.2,-0.001758418732638489,0.6666666666666666,0.0,0.0,-14.5818177963461,-14.58347790935528
SARS2,E,29.0,0.0,0.0,0.8,0.0,0.2,0.0,0.6666666666666666,0.0,0.0,-2.866525155312414,-2.866525155312414
SARS2,E,30.0,0.0,0.0,1e-08,152.9958831507988,0.99999999,6.439320967673826,0.01800380202216989,1.0,0.0,-8.478753246701329,-8.478779294553547
SARS2,E,31.0,0.0,0.0,1.0,0.0,0.0,0.0,1.0,0.0,0.0,0.0,0.0
SARS2,E,32.0,1.832239146524655,0.0,1.0,1.106670067057175,0.0,0.0,0.6666666666666666,0.0,0.0,-9.589721968474889,-9.589768854712068
SARS2,E,33.0,0.0,0.0,0.8,0.0,0.2,0.0,0.6666666666666666,0.0,0.0,-8.960727937802872,-8.960727937802872
SARS2,E,34.0,0.0,0.0,1.0,0.0,0.0,0.0,1.0,0.0,0.0,0.0,0.0
SARS2,E,35.0,0.0,0.0,1.0,0.0,0.0,0.0,1.0,0.0,0.0,0.0,0.0
SARS2,E,36.0,0.0,0.0,1e-08,133.0975138623583,0.99999999,7.880452641513664,0.008628557493689737,1.0,0.0,-8.718175209640872,-8.718338799281028
SARS2,E,37.0,3.644724708172382,0.1292625708423079,1e-08,167.1878128806835,0.99999999,4.9554294994578,0.03857875920741527,1.0,0.0,-23.07101817268457,-23.07102286809849
SARS2,E,38.0,0.0,0.0,0.75,0.0,0.25,0.0,0.6666666666666666,0.0,0.0,-5.231490979363524,-5.231490979363524
SARS2,E,39.0,0.0,0.0,0.8,0.0,0.2,0.0,0.6666666666666666,0.0,0.0,-12.45823427496766,-12.45823427496766
SARS2,E,40.0,0.0,0.0,1.0,0.0,0.0,0.0,1.0,0.0,0.0,0.0,0.0
SARS2,E,41.0,2.739161753791152,0.0,1.0,1.815190196474569,0.0,0.0,0.6666666666666666,0.0,0.0,-20.21163876877008,-20.2100667735355
SARS2,E,42.0,1.968815833074842,0.3604681324496656,0.8,2.953223749612264,0.2,-0.002398440941462354,0.6666666666666666,0.0,0.0,-16.09050443857938,-16.09274735530266
SARS2,E,43.0,1.973130879514653,0.09914982669561132,0.01,157.8180484585652,0.99,6.012715869997102,0.02240050606798993,1.0,0.0,-20.72894809601477,-20.72925955955013
SARS2,E,44.0,0.0,0.0,1.0,0.0,0.0,0.0,1.0,0.0,0.0,0.0,0.0
SARS2,E,45.0,4.903252038445365,0.0,1.0,1.734952415160639,0.0,0.0,0.6666666666666666,0.0,0.0,-8.770430926924865,-8.76609276539664
SARS2,E,46.0,0.0,0.0,1.0,0.0,0.0,0.0,1.0,0.0,0.0,0.0,0.0
SARS2,E,47.0,0.0,0.0,1.0,0.0,0.0,0.0,1.0,0.0,0.0,0.0,0.0
SARS2,E,48.0,0.0,0.0,0.75,0.0,0.25,0.0,0.6666666666666666,0.0,0.0,-4.72510108335673,-4.72510108335673
SARS2,E,49.0,5.441551453267324,0.0,1.0,1.839170998142373,0.0,0.0,0.6666666666666666,0.0,0.0,-13.83703368865071,-13.82968944799092
SARS2,E,50.0,0.0,0.0,1.0,0.0,0.0,0.0,1.0,0.0,0.0,0.0,0.0
SARS2,E,51.0,0.0,0.0,0.8,0.0,0.2,0.0,0.6666666666666666,0.0,0.0,-8.840612597294491,-8.840612597294491
SARS2,E,52.0,0.0,0.0,0.75,0.0,0.25,0.0,0.6666666666666666,0.0,0.0,-3.576980028577565,-3.576980028577565
SARS2,E,53.0,0.0,0.0,1.0,0.0,0.0,0.0,1.0,0.0,0.0,0.0,0.0
SARS2,E,54.0,0.0,0.0,0.8,0.0,0.2,0.0,0.6666666666666666,0.0,0.0,-4.019784419527373,-4.019784419527373
SARS2,E,55.0,3.349569884705045,0.0,1.0,1.778985462538401,0.0,0.0,0.6666666666666666,0.0,0.0,-14.36922101123975,-14.36353788303679
SARS2,E,56.0,0.0,0.0,1.0,0.0,0.0,0.0,1.0,0.0,0.0,0.0,0.0
SARS2,E,57.0,0.0,0.0,1.0,0.0,0.0,0.0,1.0,0.0,0.0,0.0,0.0
SARS2,E,58.0,0.0,0.0,0.8,0.0,0.2,0.0,0.6666666666666666,0.0,0.0,-9.217467234931933,-9.217467234931933
SARS2,E,59.0,0.0,0.0,1.0,0.0,0.0,0.0,1.0,0.0,0.0,0.0,0.0
SARS2,E,60.0,0.0,0.0,0.8,0.0,0.2,0.0,0.6666666666666666,0.0,0.0,-3.559651110032877,-3.559651110032877
SARS2,E,61.0,0.0,0.0,0.8,0.0,0.2,0.0,0.6666666666666666,0.0,0.0,-4.521036106098373,-4.521036106098373
SARS2,E,62.0,0.0,0.0,1e-08,196.7034129061429,0.99999999,8.124238060195966,0.007621572517214403,1.0,0.0,-7.841096314748634,-7.841204544487916
SARS2,E,63.0,9.526402232214298,0.0,1.0,5.64623551158517,0.0,0.0,0.6666666666666666,0.0,0.0,-9.480570006083223,-9.47684674058851
SARS2,E,64.0,0.0,0.0,0.8500000000000001,1.23992183147477,0.1499999999999999,-0.001430850119490401,0.6666666666666666,0.0,0.0,-9.73390867443601,-9.72985385698132
SARS2,E,65.0,2.819151162820122,0.5543862981770171,0.8,4.228726744230182,0.2,-0.002453042878379108,0.6666666666666666,0.0,0.0,-14.56495471121492,-14.56723626869513
SARS2,E,66.0,0.0,0.0,1.0,0.0,0.0,0.0,1.0,0.0,0.0,0.0,0.0
SARS2,E,67.0,0.0,0.0,0.8500000000000001,0.001440235513441005,0.1499999999999999,-3.481340279165579e-06,0.6666666666666666,0.0,0.0,-9.939736082036061,-9.93972621823421
SARS2,E,68.0,0.0,0.0,0.01135455877034564,136.7260907203461,0.9886454412296544,7.32655984801184,0.01144264761653668,1.0,0.0,-15.4254556294717,-15.32761810389892
SARS2,E,69.0,0.0,0.0,1.0,0.0,0.0,0.0,1.0,0.0,0.0,0.0,0.0
SARS2,E,70.0,0.0,0.0,1.0,0.0,0.0,0.0,1.0,0.0,0.0,0.0,0.0
SARS2,E,71.0,0.0,0.0,1e-08,248.4264265206596,0.99999999,14.52604611336196,0.0002984986106814302,1.0,0.0,-11.33430526280458,-11.33432539081822
SARS2,E,72.0,4.905630341258392,0.0,1.0,2.560698579466068,0.0,0.0,0.6666666666666666,0.0,0.0,-14.83782112308221,-14.8370866117132
SARS2,E,73.0,0.0,0.0,1e-08,168.0019392949831,0.99999999,7.876228305781551,0.00864713789945315,1.0,0.0,-7.463033423890661,-7.462989425087605
SARS2,E,74.0,2.785196993900688,0.2778615812454892,0.7854730443152167,3.015204856565922,0.2145269556847833,-0.001085064824678739,0.6666666666666666,0.0,0.0,-22.34957069112136,-22.35197993685733
SARS2,E,75.0,1.833066544231302,0.09211159384762294,0.01,192.566730630338,0.99,6.55799000380744,0.01694332766925222,1.0,0.0,-18.6057062585356,-18.60607263555694
SARS2,E,76.0,0.0,0.0,1.0,0.0,0.0,0.0,1.0,0.0,0.0,0.0,0.0
SARS,E,1.0,0.0,0.0,1.0,0.0,0.0,0.0,1.0,0.0,0.0,0.0,0.0
SARS,E,2.0,0.0,0.0,1.0,0.0,0.0,0.0,1.0,0.0,0.0,0.0,0.0
SARS,E,3.0,0.0,0.0,1.0,0.0,0.0,0.0,1.0,0.0,0.0,0.0,0.0
SARS,E,4.0,0.0,0.0,1.0,0.0,0.0,0.0,1.0,0.0,0.0,0.0,0.0
SARS,E,5.0,0.0,0.0,1.0,0.0,0.0,0.0,1.0,0.0,0.0,0.0,0.0
SARS,E,6.0,0.0,0.0,1.0,0.0,0.0,0.0,1.0,0.0,0.0,0.0,0.0
SARS,E,7.0,0.0,0.0,1.0,0.0,0.0,0.0,1.0,0.0,0.0,0.0,0.0
SARS,E,8.0,0.0,0.0,1.0,0.0,0.0,0.0,1.0,0.0,0.0,0.0,0.0
SARS,E,9.0,0.0,0.0,1.0,0.0,0.0,0.0,1.0,0.0,0.0,0.0,0.0
SARS,E,10.0,0.0,0.0,1.0,0.0,0.0,0.0,1.0,0.0,0.0,0.0,0.0
SARS,E,11.0,0.0,0.0,1.0,0.0,0.0,0.0,1.0,0.0,0.0,0.0,0.0
SARS,E,12.0,0.0,0.0,1.0,0.0,0.0,0.0,1.0,0.0,0.0,0.0,0.0
SARS,E,13.0,0.0,0.0,1.0,0.0,0.0,0.0,1.0,0.0,0.0,0.0,0.0
SARS,E,14.0,0.0,0.0,1.0,0.0,0.0,0.0,1.0,0.0,0.0,0.0,0.0
SARS,E,15.0,0.0,0.0,1.0,0.0,0.0,0.0,1.0,0.0,0.0,0.0,0.0
SARS,E,16.0,0.0,0.0,1.0,0.0,0.0,0.0,1.0,0.0,0.0,0.0,0.0
SARS,E,17.0,0.0,0.0,1.0,0.0,0.0,0.0,1.0,0.0,0.0,0.0,0.0
SARS,E,18.0,0.0,0.0,1.0,0.0,0.0,0.0,1.0,0.0,0.0,0.0,0.0
SARS,E,19.0,0.0,0.0,1.0,0.0,0.0,0.0,1.0,0.0,0.0,0.0,0.0
SARS,E,20.0,0.0,0.0,1.0,0.0,0.0,0.0,1.0,0.0,0.0,0.0,0.0
SARS,E,21.0,0.0,0.0,1.0,0.0,0.0,0.0,1.0,0.0,0.0,0.0,0.0
SARS,E,22.0,0.0,0.0,1.0,0.0,0.0,0.0,1.0,0.0,0.0,0.0,0.0
SARS,E,23.0,0.0,0.0,1.0,0.0,0.0,0.0,1.0,0.0,0.0,0.0,0.0
SARS,E,24.0,0.0,0.0,0.25,1.0,0.75,0.0,0.6666666666666666,0.0,0.0,-6.491518088707753,-6.491518088707753
SARS,E,25.0,0.0,0.0,1.0,0.0,0.0,0.0,1.0,0.0,0.0,0.0,0.0
SARS,E,26.0,0.0,0.0,1.0,0.0,0.0,0.0,1.0,0.0,0.0,0.0,0.0
SARS,E,27.0,0.0,0.0,1.0,0.0,0.0,0.0,1.0,0.0,0.0,0.0,0.0
SARS,E,28.0,0.0,0.0,1.0,0.0,0.0,0.0,1.0,0.0,0.0,0.0,0.0
SARS,E,29.0,73.27017225748071,0.9274705349048077,0.75,118.5000000000015,0.25,0.0,0.6666666666666666,0.0,0.0,-5.402364009657946,-5.401838577451764
SARS,E,30.0,0.02659934955306837,0.006649837388267093,0.25,1.0,0.75,0.0,0.6666666666666666,0.0,0.0,-6.822592317900479,-6.78749714095922
SARS,E,31.0,0.0,0.0,1.0,0.0,0.0,0.0,1.0,0.0,0.0,0.0,0.0
SARS,E,32.0,0.0,0.0,1.0,0.0,0.0,0.0,1.0,0.0,0.0,0.0,0.0
SARS,E,33.0,0.0,0.0,1.0,0.0,0.0,0.0,1.0,0.0,0.0,0.0,0.0
SARS,E,34.0,0.0,0.0,1.0,0.0,0.0,0.0,1.0,0.0,0.0,0.0,0.0
SARS,E,35.0,0.0,0.0,1.0,0.0,0.0,0.0,1.0,0.0,0.0,0.0,0.0
SARS,E,36.0,0.0,0.0,1.0,0.0,0.0,0.0,1.0,0.0,0.0,0.0,0.0
SARS,E,37.0,0.0,0.0,1.0,0.0,0.0,0.0,1.0,0.0,0.0,0.0,0.0
SARS,E,38.0,0.0,0.0,1.0,0.0,0.0,0.0,1.0,0.0,0.0,0.0,0.0
SARS,E,39.0,0.0,0.0,1.0,0.0,0.0,0.0,1.0,0.0,0.0,0.0,0.0
SARS,E,40.0,0.0,0.0,1.0,0.0,0.0,0.0,1.0,0.0,0.0,0.0,0.0
SARS,E,41.0,0.0,0.0,1.0,0.0,0.0,0.0,1.0,0.0,0.0,0.0,0.0
SARS,E,42.0,0.0,0.0,1.0,0.0,0.0,0.0,1.0,0.0,0.0,0.0,0.0
SARS,E,43.0,0.0,0.0,1.0,0.0,0.0,0.0,1.0,0.0,0.0,0.0,0.0
SARS,E,44.0,0.0,0.0,1.0,0.0,0.0,0.0,1.0,0.0,0.0,0.0,0.0
SARS,E,45.0,0.0,0.0,1.0,0.0,0.0,0.0,1.0,0.0,0.0,0.0,0.0
SARS,E,46.0,0.0,0.0,1.0,0.0,0.0,0.0,1.0,0.0,0.0,0.0,0.0
SARS,E,47.0,0.0,0.0,1.0,0.0,0.0,0.0,1.0,0.0,0.0,0.0,0.0
SARS,E,48.0,0.0,0.0,1.0,0.0,0.0,0.0,1.0,0.0,0.0,0.0,0.0
SARS,E,49.0,0.0,0.0,1.0,0.0,0.0,0.0,1.0,0.0,0.0,0.0,0.0
SARS,E,50.0,0.0,0.0,1.0,0.0,0.0,0.0,1.0,0.0,0.0,0.0,0.0
SARS,E,51.0,0.0,0.0,1.0,0.0,0.0,0.0,1.0,0.0,0.0,0.0,0.0
SARS,E,52.0,0.0,0.0,1.0,0.0,0.0,0.0,1.0,0.0,0.0,0.0,0.0
SARS,E,53.0,0.0,0.0,1.0,0.0,0.0,0.0,1.0,0.0,0.0,0.0,0.0
SARS,E,54.0,0.0,0.0,1.0,0.0,0.0,0.0,1.0,0.0,0.0,0.0,0.0
SARS,E,55.0,0.0,0.0,1.0,0.0,0.0,0.0,1.0,0.0,0.0,0.0,0.0
SARS,E,56.0,0.0,0.0,1.0,0.0,0.0,0.0,1.0,0.0,0.0,0.0,0.0
SARS,E,57.0,0.0,0.0,1.0,0.0,0.0,0.0,1.0,0.0,0.0,0.0,0.0
SARS,E,58.0,0.0,0.0,1.0,0.0,0.0,0.0,1.0,0.0,0.0,0.0,0.0
SARS,E,59.0,0.0,0.0,1.0,0.0,0.0,0.0,1.0,0.0,0.0,0.0,0.0
SARS,E,60.0,0.0,0.0,1.0,0.0,0.0,0.0,1.0,0.0,0.0,0.0,0.0
SARS,E,61.0,0.0,0.0,1.0,0.0,0.0,0.0,1.0,0.0,0.0,0.0,0.0
SARS,E,62.0,0.0,0.0,1.0,0.0,0.0,0.0,1.0,0.0,0.0,0.0,0.0
SARS,E,63.0,0.0,0.0,1.0,0.0,0.0,0.0,1.0,0.0,0.0,0.0,0.0
SARS,E,64.0,0.0,0.0,1.0,0.0,0.0,0.0,1.0,0.0,0.0,0.0,0.0
SARS,E,65.0,0.0,0.0,1.0,0.0,0.0,0.0,1.0,0.0,0.0,0.0,0.0
SARS,E,66.0,0.0,0.0,1.0,0.0,0.0,0.0,1.0,0.0,0.0,0.0,0.0
SARS,E,67.0,0.0,0.0,1.0,0.0,0.0,0.0,1.0,0.0,0.0,0.0,0.0
SARS,E,68.0,0.0,0.0,1.0,0.0,0.0,0.0,1.0,0.0,0.0,0.0,0.0
SARS,E,69.0,0.0,0.0,1.0,0.0,0.0,0.0,1.0,0.0,0.0,0.0,0.0
SARS,E,70.0,0.0,0.0,1.0,0.0,0.0,0.0,1.0,0.0,0.0,0.0,0.0
SARS,E,71.0,0.0,0.0,1.0,0.0,0.0,0.0,1.0,0.0,0.0,0.0,0.0
SARS,E,72.0,0.0,0.0,1.0,0.0,0.0,0.0,1.0,0.0,0.0,0.0,0.0
SARS,E,73.0,0.0,0.0,1.0,0.0,0.0,0.0,1.0,0.0,0.0,0.0,0.0
SARS,E,74.0,0.0,0.0,1.0,0.0,0.0,0.0,1.0,0.0,0.0,0.0,0.0
SARS,E,75.0,0.0,0.0,1.0,0.0,0.0,0.0,1.0,0.0,0.0,0.0,0.0
SARS,E,76.0,0.0,0.0,1.0,0.0,0.0,0.0,1.0,0.0,0.0,0.0,0.0
SARS,E,77.0,0.0,0.0,1.0,0.0,0.0,0.0,1.0,0.0,0.0,0.0,0.0
229E,E,1.0,0.0,0.0,1.0,0.0,0.0,0.0,1.0,0.0,0.0,0.0,0.0
229E,E,2.0,0.0,0.0,1.0,0.0,0.0,0.0,1.0,0.0,0.0,0.0,0.0
229E,E,3.0,0.0,0.0,1.0,0.0,0.0,0.0,1.0,0.0,0.0,0.0,0.0
229E,E,4.0,0.0,0.0,1.0,0.0,0.0,0.0,1.0,0.0,0.0,0.0,0.0
229E,E,5.0,0.0,0.0,1.0,0.0,0.0,0.0,1.0,0.0,0.0,0.0,0.0
229E,E,6.0,0.0,0.0,1.0,0.0,0.0,0.0,1.0,0.0,0.0,0.0,0.0
229E,E,7.0,0.0,0.0,1.0,0.0,0.0,0.0,1.0,0.0,0.0,0.0,0.0
229E,E,8.0,0.0,0.0,1.0,0.0,0.0,0.0,1.0,0.0,0.0,0.0,0.0
229E,E,9.0,0.0,0.0,1.0,0.0,0.0,0.0,1.0,0.0,0.0,0.0,0.0
229E,E,10.0,0.0,0.0,1.0,0.0,0.0,0.0,1.0,0.0,0.0,0.0,0.0
229E,E,11.0,0.0,0.0,1.0,0.0,0.0,0.0,1.0,0.0,0.0,0.0,0.0
229E,E,12.0,0.0,0.0,1e-08,119.0972684301434,0.99999999,2.511628455909078,0.1383454660580473,1.0,0.0,-5.373731037465388,-5.348320308254701
229E,E,13.0,0.0,0.0,1.0,0.0,0.0,0.0,1.0,0.0,0.0,0.0,0.0
229E,E,14.0,0.0,0.0,1.0,0.0,0.0,0.0,1.0,0.0,0.0,0.0,0.0
229E,E,15.0,0.0,0.0,1.0,0.0,0.0,0.0,1.0,0.0,0.0,0.0,0.0
229E,E,16.0,0.0,0.0,1.0,0.0,0.0,0.0,1.0,0.0,0.0,0.0,0.0
229E,E,17.0,0.0,0.0,1.0,1.136370617641006,0.0,0.0,0.6666666666666666,0.0,0.0,-7.720282665074862,-7.664273653419762
229E,E,18.0,0.0,0.0,1.0,0.0,0.0,0.0,1.0,0.0,0.0,0.0,0.0
229E,E,19.0,0.0,0.0,1.0,0.0,0.0,0.0,1.0,0.0,0.0,0.0,0.0
229E,E,20.0,0.0,0.0,1.0,0.0,0.0,0.0,1.0,0.0,0.0,0.0,0.0
229E,E,21.0,0.0,0.0,1.0,0.0,0.0,0.0,1.0,0.0,0.0,0.0,0.0
229E,E,22.0,0.0,0.0,1.0,0.0,0.0,0.0,1.0,0.0,0.0,0.0,0.0
229E,E,23.0,0.0,0.0,1.0,0.0,0.0,0.0,1.0,0.0,0.0,0.0,0.0
229E,E,24.0,0.0,0.0,1.0,0.0,0.0,0.0,1.0,0.0,0.0,0.0,0.0
229E,E,25.0,0.0,0.0,1.0,0.0,0.0,0.0,1.0,0.0,0.0,0.0,0.0
229E,E,26.0,0.0,0.0,1.0,0.0,0.0,0.0,1.0,0.0,0.0,0.0,0.0
229E,E,27.0,0.0,0.0,1.0,0.0,0.0,0.0,1.0,0.0,0.0,0.0,0.0
229E,E,28.0,0.0,0.0,1.0,0.0,0.0,0.0,1.0,0.0,0.0,0.0,0.0
229E,E,29.0,0.0,0.0,1.0,0.0,0.0,0.0,1.0,0.0,0.0,0.0,0.0
229E,E,30.0,0.0,0.0,1.0,0.0,0.0,0.0,1.0,0.0,0.0,0.0,0.0
229E,E,31.0,0.0,0.0,1.0,0.0,0.0,0.0,1.0,0.0,0.0,0.0,0.0
229E,E,32.0,0.0,0.0,1.0,0.0,0.0,0.0,1.0,0.0,0.0,0.0,0.0
229E,E,33.0,39.12847354563227,0.0,0.9293917882850578,0.0,0.07060821171494225,0.0,0.6666666666666666,0.0,0.0,-5.52608373119631,-5.505473937622814
229E,E,34.0,0.0,0.0,1.0,0.0,0.0,0.0,1.0,0.0,0.0,0.0,0.0
229E,E,35.0,0.0,0.0,1.0,0.0,0.0,0.0,1.0,0.0,0.0,0.0,0.0
229E,E,36.0,0.0,0.0,0.8239852111764356,0.3864644694336318,0.1760147888235644,-0.002346764979479943,0.6666666666666666,0.0,0.0,-6.167742361129972,-6.162603609674639
229E,E,37.0,0.0,0.0,1.0,0.0,0.0,0.0,1.0,0.0,0.0,0.0,0.0
229E,E,38.0,0.0,0.0,1.0,0.0,0.0,0.0,1.0,0.0,0.0,0.0,0.0
229E,E,39.0,0.0,0.0,1.0,0.0,0.0,0.0,1.0,0.0,0.0,0.0,0.0
229E,E,40.0,0.0,0.0,1.0,0.0,0.0,0.0,1.0,0.0,0.0,0.0,0.0
229E,E,41.0,0.0,0.0,1.0,0.0,0.0,0.0,1.0,0.0,0.0,0.0,0.0
229E,E,42.0,0.0,0.0,1.0,0.0,0.0,0.0,1.0,0.0,0.0,0.0,0.0
229E,E,43.0,0.0,0.0,1.0,0.0,0.0,0.0,1.0,0.0,0.0,0.0,0.0
229E,E,44.0,0.0,0.0,1.0,0.0,0.0,0.0,1.0,0.0,0.0,0.0,0.0
229E,E,45.0,0.0,0.0,1.0,0.0,0.0,0.0,1.0,0.0,0.0,0.0,0.0
229E,E,46.0,45.40978290550114,0.0,0.7744731491912911,0.0,0.2255268508087089,0.0,0.6666666666666666,0.0,0.0,-7.085076182743046,-7.065973892776359
229E,E,47.0,0.0,0.0,1.0,0.0,0.0,0.0,1.0,0.0,0.0,0.0,0.0
229E,E,48.0,0.0,0.0,1.0,0.0,0.0,0.0,1.0,0.0,0.0,0.0,0.0
229E,E,49.0,0.0,0.0,1.0,0.0,0.0,0.0,1.0,0.0,0.0,0.0,0.0
229E,E,50.0,0.0,0.0,1.0,0.0,0.0,0.0,1.0,0.0,0.0,0.0,0.0
229E,E,51.0,0.0,0.0,1.0,0.0,0.0,0.0,1.0,0.0,0.0,0.0,0.0
229E,E,52.0,0.0,0.0,1.0,0.0,0.0,0.0,1.0,0.0,0.0,0.0,0.0
229E,E,53.0,0.0,0.0,1.0,0.0,0.0,0.0,1.0,0.0,0.0,0.0,0.0
229E,E,54.0,0.0,0.0,1.0,0.0,0.0,0.0,1.0,0.0,0.0,0.0,0.0
229E,E,55.0,0.0,0.0,1.0,0.0,0.0,0.0,1.0,0.0,0.0,0.0,0.0
229E,E,56.0,0.0,0.0,1.0,0.0,0.0,0.0,1.0,0.0,0.0,0.0,0.0
229E,E,57.0,0.0,0.0,1.0,0.0,0.0,0.0,1.0,0.0,0.0,0.0,0.0
229E,E,58.0,0.0,0.0,1.0,0.0,0.0,0.0,1.0,0.0,0.0,0.0,0.0
229E,E,59.0,22.70201338415155,0.0,0.7463190285388012,0.03874504051687847,0.2536809714611988,0.0,0.6666666666666666,0.0,0.0,-6.797156368713223,-6.797551333737474
229E,E,60.0,0.0,0.0,1.0,0.0,0.0,0.0,1.0,0.0,0.0,0.0,0.0
229E,E,61.0,0.0,0.0,1.0,0.0,0.0,0.0,1.0,0.0,0.0,0.0,0.0
229E,E,62.0,0.0,0.0,1.0,0.0,0.0,0.0,1.0,0.0,0.0,0.0,0.0
229E,E,63.0,0.0,0.0,1.0,0.0,0.0,0.0,1.0,0.0,0.0,0.0,0.0
229E,E,64.0,0.0,0.0,1.0,0.0,0.0,0.0,1.0,0.0,0.0,0.0,0.0
229E,E,65.0,0.0,0.0,1.0,0.0,0.0,0.0,1.0,0.0,0.0,0.0,0.0
229E,E,66.0,0.0,0.0,1.0,0.0,0.0,0.0,1.0,0.0,0.0,0.0,0.0
229E,E,67.0,0.0,0.0,1.0,0.0,0.0,0.0,1.0,0.0,0.0,0.0,0.0
229E,E,68.0,0.0,0.0,1.0,0.0,0.0,0.0,1.0,0.0,0.0,0.0,0.0
229E,E,69.0,0.0,0.0,1.0,0.0,0.0,0.0,1.0,0.0,0.0,0.0,0.0
229E,E,70.0,0.0,0.0,1.0,0.0,0.0,0.0,1.0,0.0,0.0,0.0,0.0
229E,E,71.0,0.0,0.0,1.0,0.0,0.0,0.0,1.0,0.0,0.0,0.0,0.0
229E,E,72.0,0.0,0.0,1.0,0.0,0.0,0.0,1.0,0.0,0.0,0.0,0.0
229E,E,73.0,0.0,0.0,1.0,0.0,0.0,0.0,1.0,0.0,0.0,0.0,0.0
229E,E,74.0,0.0,0.0,1.0,0.0,0.0,0.0,1.0,0.0,0.0,0.0,0.0
229E,E,75.0,0.0,0.0,1.0,0.0,0.0,0.0,1.0,0.0,0.0,0.0,0.0
229E,E,76.0,0.0,0.0,1.0,0.0,0.0,0.0,1.0,0.0,0.0,0.0,0.0
229E,E,77.0,0.0,0.0,1.0,0.0,0.0,0.0,1.0,0.0,0.0,0.0,0.0
229E,E,78.0,0.0,0.0,1.0,0.0,0.0,0.0,1.0,0.0,0.0,0.0,0.0
