VIRUS,GENE,SITE,p-val,branches
SARS2,ORF1b,15,0.001156629192080705,2.0
SARS2,ORF1b,16,0.03451008954695201,2.0
SARS2,ORF1b,313,0.006148281492675545,4.0
SARS2,ORF1b,481,0.04476430235535045,1.0
SARS2,ORF1b,764,0.04432928290982396,2.0
SARS2,ORF1b,1128,0.04435115287461355,2.0
SARS2,ORF1b,1314,0.01675324997798888,3.0
SARS2,ORF1b,1549,0.001642210106150177,3.0
SARS2,ORF1b,1700,0.0270968891395742,3.0
SARS2,ORF1b,2556,0.02764031027630087,3.0
SARS2,ORF1b,2612,0.0003736037490663646,1.0
SARS2,ORF1a,264,0.009488296680700947,4.0
SARS2,ORF1a,518,0.003328715726040321,4.0
SARS2,ORF1a,675,0.03883987744958972,2.0
SARS2,ORF1a,1100,0.003328644957145799,3.0
SARS2,ORF1a,1375,0.03172321566574554,2.0
SARS2,ORF1a,1840,0.04967295864731247,2.0
SARS2,ORF1a,2033,0.04246688445435609,2.0
SARS2,ORF1a,2124,0.04969799566673927,2.0
SARS2,ORF1a,2244,0.01040932858857291,2.0
SARS2,ORF1a,2603,0.04707025502994788,1.0
SARS2,ORF1a,2702,0.01072279343217331,3.0
SARS2,ORF1a,2842,0.04010578035294943,2.0
SARS2,ORF1a,3076,0.02585496344184757,3.0
SARS2,ORF1a,3090,0.04960496164391281,2.0
SARS2,ORF1a,3353,0.02136030036960224,3.0
SARS2,ORF1a,3405,0.0002662363726601003,1.0
SARS2,ORF1a,3607,6.132081731280437e-09,12.0
SARS2,ORF1a,3645,0.02553496735120764,3.0
SARS2,ORF1a,3758,0.0398386240891303,2.0
SARS2,ORF1a,3778,0.03828571172916106,2.0
SARS2,ORF1a,4091,0.04345985955805731,4.0
SARS2,ORF1a,4099,0.01040200276636782,2.0
SARS2,E,4,0.007615083884704443,1.0
SARS2,E,8,0.01800380202082474,1.0
SARS2,E,18,0.03577240924275404,1.0
SARS2,E,29,0.01800380202216989,1.0
SARS2,E,35,0.008628557493689737,1.0
SARS2,E,36,0.03857875920741527,1.0
SARS2,E,42,0.02240050606798993,1.0
SARS2,E,61,0.007621572517214403,1.0
SARS2,E,67,0.01144264761653668,1.0
SARS2,E,70,0.0002984986106814302,1.0
SARS2,E,72,0.00864713789945315,1.0
SARS2,E,74,0.01694332766925222,1.0
SARS2,N,12,0.01148382708196172,4.0
SARS2,N,210,0.01986783576342954,2.0
SARS2,N,328,0.02143284359156417,2.0
SARS2,S,4,0.01984745351342387,3.0
SARS2,S,48,0.03556007817355944,3.0
SARS2,S,53,0.02043529767963037,3.0
SARS2,S,574,0.0353824229532872,2.0
SARS2,S,677,0.03573280235605603,3.0
SARS2,S,679,0.0365070976080436,3.0
SARS2,S,754,2.753100439512046e-06,1.0
SARS2,S,780,0.01156998999166226,2.0
SARS2,S,1126,0.01861468343318151,3.0
MERS,ORF1b,1571,0.03919632947320595,1.0
MERS,ORF1a,580,0.04142591340750923,2.0
MERS,ORF1a,999,0.04137508162569303,1.0
MERS,ORF1a,1555,0.0186561556801933,3.0
MERS,ORF1a,1572,0.03373646976830991,3.0
MERS,ORF1a,1763,0.04769635284661444,2.0
MERS,ORF1a,3784,0.01205201858064386,4.0
MERS,N,299,0.0434799874287648,1.0
MERS,M,19,0.04644238760220476,1.0
MERS,M,83,0.04656790492309748,1.0
HKU1,ORF1b,2329,0.01227769051993943,1.0
HKU1,N,134,0.04803793019264035,2.0
HKU1,S,27,0.01468198339745175,2.0
HKU1,S,923,0.03840959778992936,1.0
HKU1,S,1107,0.02748726897563325,2.0
HKU1,S,1111,0.03484316765717654,1.0
OC43,ORF1a,394,3.19974239327836e-05,1.0
OC43,ORF1a,397,0.008873763502768361,1.0
OC43,ORF1a,609,0.0144505655293492,2.0
OC43,ORF1a,988,0.01338159528097849,1.0
OC43,ORF1a,1935,0.02257631082175571,9.0
OC43,ORF1a,1938,0.01116524820329812,3.0
OC43,ORF1a,2529,0.003894804965071441,1.0
OC43,ORF1a,2610,0.00838388410947466,1.0
OC43,ORF1a,2628,5.412888552069894e-05,1.0
OC43,ORF1a,3523,0.0002533695296949023,2.0
OC43,ORF1a,4070,1.349479475887261e-05,5.0
OC43,N,95,0.03392011082334256,2.0
OC43,M,204,0.03566361539737939,2.0
OC43,S,25,0.02102093607947819,3.0
OC43,S,26,9.760833552763248e-05,5.0
OC43,S,29,0.0004673407384475636,2.0
OC43,S,37,0.001286663799411669,4.0
OC43,S,88,0.04142653144608144,1.0
OC43,S,89,8.565111458336272e-05,3.0
OC43,S,92,0.0409088972488445,4.0
OC43,S,153,0.0001338929738817773,1.0
OC43,S,189,0.02994143950147954,1.0
OC43,S,192,0.002512399907007246,1.0
OC43,S,195,0.001777211386203903,5.0
OC43,S,215,0.006872033302827707,2.0
OC43,S,263,0.0002704754540219234,3.0
OC43,S,265,0.005345415188127034,6.0
OC43,S,266,0.03027333160627721,2.0
OC43,S,267,0.0006505247901524847,2.0
OC43,S,271,0.02755463258471036,1.0
OC43,S,395,0.002366654464636908,1.0
OC43,S,474,0.01190775922931653,2.0
OC43,S,485,0.005542527750197368,2.0
OC43,S,503,0.007995147196277697,1.0
OC43,S,512,0.01129041418470278,1.0
OC43,S,587,0.02257598421049478,1.0
OC43,S,640,0.0001053548387420777,2.0
OC43,S,1274,0.04748779794450975,2.0
OC43,S,1329,0.001511953426809209,3.0
NL63,ORF1a,783,0.03460433109918482,0.0
NL63,ORF1a,3425,0.04123200282485628,2.0
NL63,ORF1a,3504,0.01045623438417576,2.0
NL63,N,345,0.04540231110190573,2.0
NL63,S,95,0.003266761673368368,1.0
NL63,S,178,0.01177740034779307,1.0
NL63,S,306,0.04429006853428941,2.0
NL63,S,371,0.0489045497099081,2.0
229E,S,88,0.04608860920708402,2.0
229E,S,89,0.04036329828602192,2.0
229E,S,174,0.04258212017154184,1.0
229E,S,354,0.03402785864791646,2.0
229E,S,739,0.02795892797239319,0.0
